track,fold,index,y_true,y_pred,abs_error,threshold_logit_1,threshold_logit_2,threshold_logit_3,threshold_logit_4,class_prob_1,class_logit_1,class_prob_2,class_logit_2,class_prob_3,class_logit_3,class_prob_4,class_logit_4,class_prob_5,class_logit_5
chief_complaint_smoke,1,1,3,3,0,3.354,1.638,-0.8833,-3.117,0.03418,-3.377,0.1284,-2.053,0.545,-0.607,0.25,-1.387,0.04242,-3.16
chief_complaint_smoke,1,2,4,3,1,3.172,1.6,-0.869,-2.996,0.04053,-3.205,0.1274,-2.06,0.5366,-0.6226,0.2478,-1.3955,0.0476,-3.045
chief_complaint_smoke,1,3,3,3,0,3.088,1.415,-1.042,-3.025,0.04395,-3.125,0.1519,-1.885,0.5435,-0.61,0.2145,-1.539,0.04626,-3.074
chief_complaint_smoke,1,5,3,3,0,3.348,1.675,-0.906,-3.166,0.03418,-3.377,0.12354,-2.092,0.5547,-0.5894,0.2473,-1.397,0.04047,-3.207
chief_complaint_smoke,1,8,3,3,0,3.33,1.673,-0.9097,-2.934,0.03467,-3.361,0.12305,-2.096,0.555,-0.5884,0.2366,-1.441,0.0505,-2.986
chief_complaint_smoke,1,9,2,3,1,3.508,1.744,-0.4912,-3.268,0.0293,-3.531,0.1196,-2.123,0.4714,-0.752,0.343,-1.07,0.03668,-3.305
chief_complaint_smoke,1,10,3,3,0,3.25,1.663,-0.91,-3.145,0.0376,-3.281,0.1216,-2.107,0.5537,-0.5913,0.2458,-1.403,0.04132,-3.186
chief_complaint_smoke,1,14,3,3,0,3.352,1.684,-0.887,-3.172,0.03418,-3.377,0.12256,-2.1,0.552,-0.5947,0.2515,-1.381,0.04022,-3.213
chief_complaint_smoke,1,15,4,3,1,3.164,1.668,-1.052,-2.84,0.04053,-3.205,0.11816,-2.135,0.5825,-0.5405,0.2036,-1.592,0.0552,-2.896
chief_complaint_smoke,1,16,2,3,1,3.127,1.58,-0.888,-3.133,0.042,-3.17,0.1289,-2.049,0.5376,-0.6206,0.2498,-1.388,0.04178,-3.176
chief_complaint_smoke,1,17,3,3,0,3.408,1.72,-0.8657,-3.246,0.03223,-3.436,0.1196,-2.123,0.552,-0.5947,0.2588,-1.352,0.03748,-3.283
chief_complaint_smoke,1,18,3,3,0,2.955,1.672,-0.395,-2.67,0.04932,-3.01,0.1084,-2.223,0.4397,-0.822,0.338,-1.085,0.06476,-2.736
chief_complaint_smoke,1,19,4,3,1,3.195,1.718,-0.705,-2.945,0.03958,-3.229,0.11285,-2.182,0.517,-0.6597,0.281,-1.27,0.05,-2.996
chief_complaint_smoke,1,21,3,3,0,3.34,1.749,-0.808,-3.104,0.03418,-3.377,0.1138,-2.174,0.544,-0.609,0.2654,-1.326,0.04294,-3.148
chief_complaint_smoke,1,22,3,3,0,2.41,1.211,-0.929,-2.447,0.0825,-2.494,0.147,-1.918,0.4875,-0.7183,0.2034,-1.593,0.07965,-2.53
chief_complaint_smoke,1,25,3,3,0,3.457,1.801,-0.591,-3.152,0.03027,-3.498,0.1113,-2.195,0.502,-0.6895,0.3154,-1.154,0.041,-3.195
chief_complaint_smoke,1,26,4,3,1,3.094,1.683,-0.649,-3.006,0.04297,-3.146,0.1138,-2.174,0.5,-0.6934,0.2961,-1.217,0.04715,-3.055
chief_complaint_smoke,1,27,3,3,0,3.354,1.652,-0.9224,-3.193,0.0342,-3.375,0.1266,-2.066,0.555,-0.5884,0.2451,-1.406,0.03943,-3.232
chief_complaint_smoke,1,31,4,3,1,3.227,1.616,-0.9717,-3.105,0.03857,-3.256,0.127,-2.064,0.56,-0.5796,0.2314,-1.464,0.0429,-3.148
chief_complaint_smoke,1,32,3,3,0,3.457,1.797,-0.5664,-3.24,0.03027,-3.498,0.1123,-2.188,0.4954,-0.7026,0.3245,-1.126,0.03766,-3.28
chief_complaint_smoke,1,42,3,3,0,3.09,1.835,-0.5464,-2.777,0.04395,-3.125,0.09424,-2.361,0.495,-0.703,0.308,-1.178,0.05856,-2.838
chief_complaint_smoke,1,43,3,3,0,3.38,1.716,-0.719,-3.219,0.0332,-3.404,0.11914,-2.127,0.52,-0.654,0.289,-1.241,0.03845,-3.258
chief_complaint_smoke,1,45,3,3,0,2.389,1.484,-0.551,-2.441,0.084,-2.477,0.1006,-2.297,0.4497,-0.7993,0.2856,-1.253,0.0801,-2.525
chief_complaint_smoke,1,47,4,3,1,3.307,1.706,-0.702,-3.207,0.03564,-3.334,0.11816,-2.135,0.5146,-0.664,0.2925,-1.2295,0.0389,-3.246
chief_complaint_smoke,1,49,4,3,1,3.076,1.569,-0.9478,-2.645,0.04395,-3.125,0.1284,-2.053,0.5483,-0.601,0.2129,-1.547,0.06635,-2.713
chief_complaint_smoke,1,50,4,3,1,3.094,1.611,-0.635,-2.844,0.04297,-3.146,0.12305,-2.096,0.4875,-0.7183,0.2915,-1.232,0.055,-2.9
chief_complaint_smoke,1,54,3,3,0,3.295,1.661,-0.8003,-3.11,0.03564,-3.334,0.12354,-2.092,0.5312,-0.6323,0.267,-1.32,0.04272,-3.152
chief_complaint_smoke,1,57,3,3,0,2.938,1.596,-0.779,-2.975,0.0503,-2.99,0.11865,-2.13,0.5166,-0.6606,0.2659,-1.325,0.04858,-3.025
chief_complaint_smoke,1,58,3,3,0,2.9,1.656,-1.061,-2.664,0.05176,-2.96,0.1084,-2.223,0.583,-0.5396,0.1919,-1.65,0.0651,-2.732
chief_complaint_smoke,1,60,5,3,2,2.928,1.515,-0.491,-2.387,0.05078,-2.98,0.1294,-2.045,0.44,-0.8213,0.2957,-1.219,0.0842,-2.475
chief_complaint_smoke,1,61,3,3,0,3.467,1.745,-0.532,-3.285,0.03027,-3.498,0.11865,-2.13,0.4812,-0.7314,0.3337,-1.098,0.03607,-3.322
chief_complaint_smoke,1,65,3,3,0,2.941,1.535,-0.821,-2.484,0.0503,-2.99,0.1274,-2.06,0.5166,-0.6606,0.2288,-1.475,0.07697,-2.564
chief_complaint_smoke,1,67,2,3,1,3.035,1.586,-0.8486,-3.033,0.0459,-3.082,0.1245,-2.084,0.53,-0.6353,0.254,-1.371,0.04593,-3.08
chief_complaint_smoke,1,68,2,3,1,2.91,1.62,-0.9243,-2.771,0.05176,-2.96,0.1138,-2.174,0.5503,-0.597,0.2253,-1.49,0.05887,-2.832
chief_complaint_smoke,1,71,4,3,1,3.025,1.611,-0.9307,-2.482,0.0464,-3.07,0.1196,-2.123,0.5513,-0.5957,0.2056,-1.582,0.0771,-2.562
chief_complaint_smoke,1,76,3,3,0,3.26,1.73,-0.9023,-3.113,0.03662,-3.307,0.11426,-2.17,0.5605,-0.5786,0.2461,-1.402,0.04254,-3.158
chief_complaint_smoke,1,77,3,3,0,3.434,1.788,-0.68,-3.06,0.03125,-3.465,0.1118,-2.191,0.5205,-0.653,0.2915,-1.232,0.04477,-3.105
chief_complaint_smoke,1,79,3,3,0,3.014,1.685,-0.9194,-2.537,0.0464,-3.07,0.11035,-2.203,0.558,-0.583,0.2119,-1.552,0.0733,-2.613
chief_complaint_smoke,1,83,3,3,0,2.99,1.36,-0.7446,-2.78,0.04736,-3.05,0.1572,-1.85,0.4734,-0.748,0.2637,-1.333,0.05844,-2.84
chief_complaint_smoke,1,85,3,3,0,3.096,1.416,-0.7563,-2.926,0.04297,-3.146,0.1519,-1.885,0.4858,-0.7217,0.2686,-1.314,0.05087,-2.979
chief_complaint_smoke,1,86,3,3,0,3.37,1.742,-0.734,-3.121,0.0332,-3.404,0.1157,-2.156,0.527,-0.6406,0.282,-1.266,0.04224,-3.164
chief_complaint_smoke,1,87,1,3,2,3.223,1.512,-1.042,-3.066,0.03857,-3.256,0.1421,-1.951,0.5586,-0.5825,0.2163,-1.531,0.0445,-3.113
chief_complaint_smoke,1,91,4,3,1,2.143,1.274,-0.4453,-2.32,0.105,-2.254,0.1133,-2.178,0.391,-0.939,0.3013,-1.2,0.0895,-2.414
chief_complaint_smoke,1,92,3,3,0,3.232,1.715,-0.964,-2.992,0.03763,-3.28,0.1148,-2.164,0.572,-0.559,0.2284,-1.477,0.04782,-3.041
chief_complaint_smoke,1,93,3,3,0,3.398,1.734,-0.841,-2.977,0.03223,-3.436,0.11816,-2.135,0.5483,-0.601,0.2527,-1.376,0.0485,-3.025
chief_complaint_smoke,1,96,4,3,1,3.195,1.741,-0.678,-2.814,0.03958,-3.229,0.1099,-2.207,0.514,-0.665,0.2803,-1.272,0.05658,-2.873
chief_complaint_smoke,1,98,2,3,1,2.766,1.491,-0.67,-2.703,0.0586,-2.838,0.125,-2.08,0.4778,-0.739,0.276,-1.288,0.0628,-2.768
chief_complaint_smoke,1,101,3,3,0,3.402,1.614,-0.9097,-2.967,0.03223,-3.436,0.1338,-2.012,0.547,-0.6035,0.2382,-1.435,0.04898,-3.016
chief_complaint_smoke,1,102,4,3,1,3.25,1.759,-0.4492,-3.135,0.0376,-3.281,0.1089,-2.217,0.4639,-0.768,0.348,-1.056,0.0417,-3.178
chief_complaint_smoke,1,104,3,3,0,3.334,1.704,-0.4739,-3.164,0.03418,-3.377,0.1196,-2.123,0.4624,-0.7715,0.3433,-1.069,0.04053,-3.205
chief_complaint_smoke,1,106,3,3,0,3.098,1.526,-0.919,-2.883,0.04297,-3.146,0.1353,-2.0,0.5366,-0.6226,0.2322,-1.46,0.053,-2.938
chief_complaint_smoke,1,107,3,3,0,2.691,1.682,-0.611,-2.613,0.063,-2.766,0.09375,-2.367,0.4915,-0.7104,0.2834,-1.261,0.0683,-2.684
chief_complaint_smoke,1,108,3,3,0,3.38,1.733,-0.5312,-3.197,0.0332,-3.404,0.1172,-2.145,0.4795,-0.735,0.3308,-1.106,0.03928,-3.236
chief_complaint_smoke,1,109,4,3,1,3.268,1.822,-0.6235,-2.926,0.03662,-3.307,0.103,-2.273,0.511,-0.671,0.2983,-1.21,0.05087,-2.979
chief_complaint_smoke,1,113,4,3,1,3.26,1.533,-0.9316,-3.006,0.03662,-3.307,0.1411,-1.958,0.54,-0.616,0.2354,-1.446,0.04715,-3.055
chief_complaint_smoke,1,115,3,3,0,3.12,1.729,-0.743,-2.924,0.042,-3.17,0.1089,-2.217,0.527,-0.6406,0.2712,-1.305,0.051,-2.977
chief_complaint_smoke,1,117,3,3,0,3.428,1.748,-0.464,-3.268,0.03125,-3.465,0.1167,-2.148,0.4658,-0.764,0.3496,-1.051,0.03668,-3.305
chief_complaint_smoke,1,120,3,3,0,3.402,1.776,-0.683,-3.072,0.03223,-3.436,0.1123,-2.188,0.52,-0.654,0.2913,-1.233,0.04425,-3.117
chief_complaint_smoke,1,121,3,3,0,2.766,1.491,-0.67,-2.703,0.0586,-2.838,0.125,-2.08,0.4778,-0.739,0.276,-1.288,0.0628,-2.768
chief_complaint_smoke,1,122,4,3,1,3.104,1.721,-0.8228,-3.059,0.04297,-3.146,0.1089,-2.217,0.543,-0.611,0.2603,-1.346,0.04486,-3.104
chief_complaint_smoke,1,124,3,3,0,3.02,1.6,-0.7236,-2.854,0.0464,-3.07,0.1216,-2.107,0.506,-0.6816,0.272,-1.302,0.0545,-2.91
chief_complaint_smoke,1,125,5,3,2,2.871,1.493,-0.6587,-2.596,0.0537,-2.924,0.1299,-2.041,0.4756,-0.743,0.2715,-1.304,0.0694,-2.668
chief_complaint_smoke,1,126,3,3,0,3.254,1.649,-1.049,-2.951,0.0376,-3.281,0.12354,-2.092,0.579,-0.5464,0.2098,-1.562,0.04968,-3.002
chief_complaint_smoke,1,128,4,3,1,3.135,1.873,-0.537,-2.836,0.042,-3.17,0.0908,-2.398,0.4983,-0.697,0.3135,-1.16,0.05542,-2.893
chief_complaint_smoke,1,129,2,3,1,3.076,1.569,-0.9478,-2.645,0.04395,-3.125,0.1284,-2.053,0.5483,-0.601,0.2129,-1.547,0.06635,-2.713
chief_complaint_smoke,1,130,3,3,0,3.045,1.685,-0.5005,-2.729,0.0459,-3.082,0.11084,-2.2,0.4656,-0.7646,0.3164,-1.15,0.0613,-2.791
chief_complaint_smoke,1,133,3,3,0,3.205,1.58,-1.055,-3.012,0.03955,-3.23,0.1313,-2.03,0.571,-0.5605,0.2114,-1.554,0.04688,-3.06
chief_complaint_smoke,1,135,1,3,2,3.219,1.583,-0.9663,-3.135,0.0386,-3.254,0.132,-2.025,0.554,-0.5903,0.234,-1.452,0.04172,-3.178
chief_complaint_smoke,1,136,3,3,0,3.312,1.623,-1.035,-3.078,0.03467,-3.361,0.1299,-2.041,0.573,-0.5566,0.218,-1.523,0.044,-3.123
chief_complaint_smoke,1,139,4,3,1,3.29,1.696,-0.715,-3.037,0.03564,-3.334,0.1196,-2.123,0.516,-0.6616,0.2827,-1.264,0.04578,-3.084
chief_complaint_smoke,1,141,4,3,1,3.229,1.649,-0.9023,-3.16,0.03857,-3.256,0.12256,-2.1,0.5503,-0.597,0.2479,-1.395,0.04068,-3.201
chief_complaint_smoke,1,143,4,3,1,3.213,1.555,-0.8506,-3.084,0.03857,-3.256,0.1357,-1.997,0.5264,-0.6416,0.2556,-1.364,0.04376,-3.129
chief_complaint_smoke,1,144,3,3,0,3.348,1.656,-0.9526,-3.207,0.03418,-3.377,0.126,-2.072,0.5615,-0.577,0.2394,-1.43,0.0389,-3.246
chief_complaint_smoke,1,147,4,3,1,3.195,1.637,-0.969,-3.11,0.03955,-3.23,0.12305,-2.096,0.5625,-0.575,0.2322,-1.46,0.04272,-3.152
chief_complaint_smoke,1,148,4,3,1,2.225,1.406,-0.2468,-2.16,0.09766,-2.326,0.0991,-2.31,0.3647,-1.009,0.335,-1.094,0.1034,-2.27
chief_complaint_smoke,1,149,2,3,1,3.318,1.643,-0.916,-2.94,0.03467,-3.361,0.1274,-2.06,0.5522,-0.5938,0.2354,-1.446,0.05023,-2.99
chief_complaint_smoke,1,155,3,3,0,3.418,1.745,-0.5137,-3.26,0.03223,-3.436,0.1167,-2.148,0.4768,-0.7407,0.3374,-1.087,0.037,-3.297
chief_complaint_smoke,1,156,3,3,0,3.414,1.762,-0.504,-3.238,0.03223,-3.436,0.11426,-2.17,0.477,-0.74,0.3386,-1.083,0.03775,-3.277
chief_complaint_smoke,1,159,2,3,1,3.121,1.518,-1.051,-3.04,0.042,-3.17,0.1377,-1.982,0.5615,-0.577,0.2134,-1.545,0.0457,-3.086
chief_complaint_smoke,1,161,3,3,0,3.334,1.731,-0.807,-3.121,0.03418,-3.377,0.1162,-2.152,0.541,-0.6143,0.266,-1.324,0.04224,-3.164
chief_complaint_smoke,1,162,4,3,1,3.354,1.694,-0.7773,-3.256,0.03418,-3.377,0.1211,-2.111,0.53,-0.6353,0.2778,-1.28,0.0371,-3.293
chief_complaint_smoke,1,163,4,3,1,2.637,1.589,-0.603,-2.6,0.0664,-2.713,0.103,-2.273,0.477,-0.74,0.2844,-1.257,0.06915,-2.672
chief_complaint_smoke,1,165,3,3,0,3.232,1.6455,-0.9526,-3.062,0.0376,-3.281,0.1245,-2.084,0.5596,-0.5806,0.2336,-1.454,0.04468,-3.107
chief_complaint_smoke,1,166,4,3,1,3.457,1.705,-0.5005,-3.297,0.03027,-3.498,0.12354,-2.092,0.4685,-0.7583,0.342,-1.073,0.03568,-3.334
chief_complaint_smoke,1,171,2,3,1,3.258,1.573,-0.8477,-3.246,0.03662,-3.307,0.1348,-2.004,0.5283,-0.638,0.2627,-1.337,0.03748,-3.283
chief_complaint_smoke,1,175,3,3,0,3.396,1.761,-0.553,-3.318,0.03223,-3.436,0.11426,-2.17,0.4883,-0.717,0.3303,-1.107,0.03494,-3.354
chief_complaint_smoke,1,176,3,3,0,3.1,1.624,-0.893,-3.082,0.04297,-3.146,0.1216,-2.107,0.545,-0.607,0.2467,-1.399,0.04385,-3.127
chief_complaint_smoke,1,177,4,3,1,2.977,1.632,-0.3315,-2.723,0.04834,-3.03,0.11523,-2.16,0.4187,-0.8706,0.356,-1.033,0.06165,-2.787
chief_complaint_smoke,1,178,4,3,1,3.168,1.681,-0.623,-2.814,0.04053,-3.205,0.1167,-2.148,0.4934,-0.7065,0.2927,-1.229,0.05655,-2.873
chief_complaint_smoke,1,179,3,3,0,3.285,1.535,-0.989,-2.996,0.03564,-3.334,0.1421,-1.951,0.551,-0.596,0.2236,-1.498,0.0476,-3.045
chief_complaint_smoke,1,181,3,3,0,3.273,1.612,-0.8223,-3.232,0.03662,-3.307,0.1294,-2.045,0.5283,-0.638,0.2676,-1.318,0.03796,-3.271
chief_complaint_smoke,1,182,2,3,1,3.135,1.644,-0.885,-3.055,0.042,-3.17,0.1201,-2.12,0.546,-0.6055,0.2472,-1.397,0.045,-3.102
chief_complaint_smoke,1,183,4,3,1,3.186,1.654,-0.733,-2.625,0.03958,-3.229,0.12115,-2.111,0.515,-0.663,0.257,-1.358,0.0676,-2.693
chief_complaint_smoke,1,184,3,3,0,2.479,1.412,-0.717,-2.51,0.07764,-2.557,0.11865,-2.13,0.4758,-0.7427,0.2527,-1.376,0.07513,-2.588
chief_complaint_smoke,1,189,4,3,1,3.205,1.629,-0.9443,-3.066,0.03955,-3.23,0.1245,-2.084,0.5557,-0.5874,0.2356,-1.445,0.0445,-3.113
chief_complaint_smoke,1,190,4,3,1,3.168,1.681,-0.623,-2.814,0.04053,-3.205,0.1167,-2.148,0.4934,-0.7065,0.2927,-1.229,0.05655,-2.873
chief_complaint_smoke,1,193,3,3,0,3.43,1.753,-0.8794,-3.076,0.03125,-3.465,0.1162,-2.152,0.5596,-0.5806,0.2491,-1.39,0.0441,-3.121
chief_complaint_smoke,1,195,4,3,1,2.803,1.557,-0.699,-2.93,0.05713,-2.863,0.1172,-2.145,0.4937,-0.706,0.2812,-1.269,0.05072,-2.98
chief_complaint_smoke,1,197,4,3,1,3.377,1.767,-0.4573,-3.174,0.0332,-3.404,0.1128,-2.182,0.4663,-0.7627,0.3477,-1.057,0.04016,-3.215
chief_complaint_smoke,1,199,2,3,1,3.309,1.598,-0.964,-3.105,0.0347,-3.361,0.1334,-2.014,0.556,-0.587,0.2333,-1.455,0.04294,-3.148
chief_complaint_smoke,1,201,4,3,1,3.002,1.671,-0.867,-2.697,0.04736,-3.05,0.1113,-2.195,0.5454,-0.6064,0.2327,-1.458,0.0632,-2.762
chief_complaint_smoke,1,203,4,3,1,3.236,1.664,-0.8647,-3.057,0.0376,-3.281,0.1216,-2.107,0.5444,-0.608,0.2515,-1.381,0.04495,-3.102
chief_complaint_smoke,1,204,3,3,0,3.447,1.727,-0.5864,-3.178,0.03125,-3.465,0.1196,-2.123,0.4917,-0.71,0.3174,-1.147,0.04,-3.219
chief_complaint_smoke,1,205,4,3,1,3.193,1.632,-0.931,-3.09,0.03955,-3.23,0.124,-2.088,0.5537,-0.5913,0.2391,-1.431,0.04355,-3.135
chief_complaint_smoke,1,209,2,3,1,3.3,1.532,-0.9727,-3.176,0.03564,-3.334,0.1421,-1.951,0.548,-0.6016,0.2344,-1.451,0.04007,-3.217
chief_complaint_smoke,1,210,3,3,0,3.121,1.723,-0.8706,-3.014,0.04202,-3.17,0.1099,-2.207,0.553,-0.592,0.2484,-1.393,0.04684,-3.06
chief_complaint_smoke,1,211,3,3,0,3.09,1.835,-0.5464,-2.777,0.04395,-3.125,0.09424,-2.361,0.495,-0.703,0.308,-1.178,0.05856,-2.838
chief_complaint_smoke,1,217,3,3,0,3.213,1.559,-0.8687,-3.186,0.03857,-3.256,0.1357,-1.997,0.5303,-0.6343,0.2559,-1.363,0.0397,-3.227
chief_complaint_smoke,1,218,3,3,0,3.32,1.56,-1.064,-3.01,0.03467,-3.361,0.1387,-1.976,0.5703,-0.5615,0.2096,-1.5625,0.047,-3.059
chief_complaint_smoke,1,220,4,3,1,3.283,1.792,-0.739,-3.11,0.03564,-3.334,0.1074,-2.23,0.5337,-0.628,0.2805,-1.271,0.04272,-3.152
chief_complaint_smoke,1,222,3,3,0,3.182,1.701,-0.7754,-3.143,0.03958,-3.229,0.1148,-2.164,0.531,-0.6333,0.274,-1.295,0.04144,-3.184
chief_complaint_smoke,1,227,3,3,0,2.143,1.274,-0.4453,-2.32,0.105,-2.254,0.1133,-2.178,0.391,-0.939,0.3013,-1.2,0.0895,-2.414
chief_complaint_smoke,1,228,3,3,0,3.312,1.571,-0.9277,-3.055,0.0347,-3.361,0.1378,-1.981,0.5444,-0.608,0.2385,-1.434,0.04504,-3.1
chief_complaint_smoke,1,229,3,3,0,3.361,1.711,-0.732,-3.236,0.03418,-3.377,0.11865,-2.13,0.5225,-0.6494,0.287,-1.248,0.0378,-3.275
chief_complaint_smoke,1,239,4,3,1,3.254,1.606,-0.996,-3.148,0.0376,-3.281,0.1294,-2.045,0.5635,-0.5737,0.2286,-1.476,0.04117,-3.19
chief_complaint_smoke,1,240,4,3,1,3.23,1.696,-0.982,-3.148,0.0376,-3.281,0.1177,-2.14,0.5723,-0.558,0.2313,-1.464,0.04117,-3.19
chief_complaint_smoke,1,243,4,3,1,3.191,1.617,-0.8765,-3.133,0.03955,-3.23,0.126,-2.072,0.5405,-0.615,0.2522,-1.378,0.04178,-3.176
chief_complaint_smoke,1,246,3,3,0,3.293,1.719,-0.8223,-3.174,0.03568,-3.334,0.11676,-2.148,0.5425,-0.612,0.2654,-1.326,0.0402,-3.215
chief_complaint_smoke,1,247,3,3,0,3.227,1.711,-0.969,-2.97,0.03857,-3.256,0.11426,-2.17,0.5723,-0.558,0.2261,-1.487,0.04877,-3.021
chief_complaint_smoke,1,249,3,3,0,3.42,1.742,-0.615,-3.242,0.03223,-3.436,0.1167,-2.148,0.5,-0.6934,0.3132,-1.161,0.0376,-3.281
chief_complaint_smoke,1,251,3,3,0,3.111,1.718,-0.7715,-3.006,0.04297,-3.146,0.1094,-2.213,0.5312,-0.6323,0.269,-1.3125,0.04715,-3.055
chief_complaint_smoke,1,253,3,3,0,3.346,1.748,-0.8027,-3.168,0.03418,-3.377,0.1138,-2.174,0.543,-0.611,0.269,-1.3125,0.04037,-3.209
chief_complaint_smoke,1,255,3,3,0,3.418,1.644,-0.8203,-3.195,0.03223,-3.436,0.1299,-2.041,0.532,-0.631,0.2664,-1.323,0.03934,-3.236
chief_complaint_smoke,1,257,4,3,1,3.238,1.72,-0.596,-2.98,0.0376,-3.281,0.11426,-2.17,0.4932,-0.707,0.3066,-1.182,0.0483,-3.03
chief_complaint_smoke,1,258,5,3,2,3.0,1.642,-1.013,-2.902,0.04736,-3.05,0.11475,-2.164,0.5713,-0.56,0.2144,-1.54,0.05203,-2.955
chief_complaint_smoke,1,262,3,3,0,3.484,1.692,-0.478,-3.252,0.0293,-3.531,0.126,-2.072,0.4622,-0.772,0.3452,-1.063,0.03726,-3.29
chief_complaint_smoke,1,265,5,3,2,2.938,1.596,-0.779,-2.975,0.0503,-2.99,0.11865,-2.13,0.5166,-0.6606,0.2659,-1.325,0.04858,-3.025
chief_complaint_smoke,1,269,2,3,1,3.195,1.509,-1.126,-3.068,0.03955,-3.23,0.1411,-1.958,0.5747,-0.5537,0.2003,-1.607,0.04443,-3.113
chief_complaint_smoke,1,271,3,3,0,3.23,1.482,-1.032,-3.053,0.0376,-3.281,0.147,-1.918,0.5527,-0.593,0.2175,-1.525,0.0451,-3.1
chief_complaint_smoke,1,272,3,3,0,3.307,1.585,-1.015,-3.055,0.03564,-3.334,0.1348,-2.004,0.5635,-0.5737,0.2211,-1.51,0.045,-3.102
chief_complaint_smoke,1,278,5,3,2,3.164,1.721,-0.7295,-2.836,0.04053,-3.205,0.1113,-2.195,0.523,-0.6484,0.2698,-1.311,0.05542,-2.893
chief_complaint_smoke,1,279,3,3,0,3.31,1.645,-0.7866,-3.295,0.03467,-3.361,0.1274,-2.06,0.525,-0.6445,0.2773,-1.282,0.03577,-3.33
chief_complaint_smoke,1,280,2,3,1,3.225,1.607,-0.8447,-3.164,0.03857,-3.256,0.1284,-2.053,0.532,-0.631,0.26,-1.347,0.04053,-3.205
chief_complaint_smoke,1,281,3,3,0,3.422,1.7705,-0.5903,-3.28,0.03125,-3.465,0.1138,-2.174,0.4985,-0.6963,0.32,-1.14,0.0363,-3.316
chief_complaint_smoke,1,282,3,3,0,3.213,1.696,-0.8438,-3.076,0.03857,-3.256,0.1167,-2.148,0.544,-0.609,0.2566,-1.36,0.0441,-3.121
chief_complaint_smoke,1,283,3,3,0,3.281,1.777,-0.7666,-3.041,0.03568,-3.334,0.10895,-2.217,0.5386,-0.6187,0.2717,-1.303,0.04565,-3.086
chief_complaint_smoke,1,285,2,3,1,3.227,1.591,-0.8745,-3.227,0.03857,-3.256,0.1309,-2.033,0.536,-0.6235,0.256,-1.362,0.03818,-3.266
chief_complaint_smoke,1,287,2,3,1,3.275,1.623,-0.9595,-3.125,0.03662,-3.307,0.1279,-2.057,0.5586,-0.5825,0.235,-1.448,0.04208,-3.168
chief_complaint_smoke,1,288,3,3,0,3.17,1.691,-0.674,-2.797,0.04053,-3.205,0.11523,-2.16,0.507,-0.6797,0.2803,-1.272,0.0575,-2.855
chief_complaint_smoke,1,290,3,3,0,3.281,1.777,-0.7666,-3.041,0.03568,-3.334,0.10895,-2.217,0.5386,-0.6187,0.2717,-1.303,0.04565,-3.086
chief_complaint_smoke,1,291,5,3,2,2.86,1.842,-0.685,-2.844,0.0547,-2.906,0.08203,-2.5,0.5283,-0.638,0.28,-1.272,0.055,-2.9
chief_complaint_smoke,1,292,3,3,0,3.129,1.621,-0.8594,-2.986,0.042,-3.17,0.12256,-2.1,0.538,-0.6196,0.2495,-1.389,0.04803,-3.035
chief_complaint_smoke,1,294,1,3,2,2.764,1.337,-1.003,-2.805,0.0596,-2.82,0.1486,-1.907,0.524,-0.6465,0.2113,-1.555,0.05713,-2.863
chief_complaint_smoke,1,297,3,3,0,3.469,1.776,-0.664,-3.115,0.03027,-3.498,0.11426,-2.17,0.5156,-0.6626,0.2976,-1.212,0.0425,-3.158
chief_complaint_smoke,1,306,4,3,1,3.225,1.575,-0.8633,-3.025,0.03857,-3.256,0.1328,-2.02,0.532,-0.631,0.2505,-1.385,0.04626,-3.074
chief_complaint_smoke,1,308,3,3,0,3.396,1.751,-0.8916,-3.232,0.03223,-3.436,0.1157,-2.156,0.5615,-0.577,0.253,-1.375,0.03796,-3.271
chief_complaint_smoke,1,309,3,3,0,3.324,1.705,-0.8174,-3.172,0.03467,-3.361,0.11914,-2.127,0.54,-0.616,0.266,-1.324,0.04022,-3.213
chief_complaint_smoke,1,310,3,3,0,3.217,1.586,-0.718,-2.95,0.03857,-3.256,0.1318,-2.025,0.502,-0.6895,0.278,-1.28,0.04977,-3.0
chief_complaint_smoke,1,313,4,3,1,3.168,1.681,-0.623,-2.814,0.04053,-3.205,0.1167,-2.148,0.4934,-0.7065,0.2927,-1.229,0.05655,-2.873
chief_complaint_smoke,1,316,4,3,1,3.262,1.737,-0.793,-3.182,0.03662,-3.307,0.1128,-2.182,0.539,-0.618,0.2717,-1.303,0.03986,-3.223
chief_complaint_smoke,1,318,3,3,0,3.129,1.766,-0.8394,-3.027,0.042,-3.17,0.104,-2.264,0.5522,-0.5938,0.2556,-1.364,0.0462,-3.074
chief_complaint_smoke,1,321,2,3,1,2.744,1.391,-0.784,-2.75,0.06055,-2.805,0.1387,-1.976,0.4875,-0.7183,0.2532,-1.374,0.0601,-2.812
chief_complaint_smoke,1,322,3,3,0,3.36,1.574,-0.624,-2.965,0.03418,-3.377,0.1372,-1.986,0.4797,-0.7344,0.2998,-1.205,0.04904,-3.016
chief_complaint_smoke,1,323,3,3,0,3.17,1.547,-0.946,-3.059,0.04053,-3.205,0.1348,-2.004,0.545,-0.607,0.2349,-1.449,0.04486,-3.104
chief_complaint_smoke,1,327,4,3,1,3.385,1.734,-0.5957,-3.127,0.0332,-3.404,0.1172,-2.145,0.4944,-0.7046,0.3132,-1.161,0.04202,-3.17
chief_complaint_smoke,1,329,3,3,0,3.172,1.538,-1.041,-3.076,0.04053,-3.205,0.1362,-1.993,0.5625,-0.575,0.2169,-1.528,0.0441,-3.121
chief_complaint_smoke,1,330,3,3,0,3.281,1.681,-0.9067,-2.838,0.03564,-3.334,0.1216,-2.107,0.555,-0.5884,0.2323,-1.46,0.05533,-2.895
chief_complaint_smoke,1,332,3,3,0,3.268,1.567,-1.004,-3.137,0.03662,-3.307,0.1362,-1.993,0.5586,-0.5825,0.2267,-1.484,0.04163,-3.18
chief_complaint_smoke,1,333,4,3,1,2.764,1.337,-1.003,-2.805,0.0596,-2.82,0.1486,-1.907,0.524,-0.6465,0.2113,-1.555,0.05713,-2.863
chief_complaint_smoke,1,335,3,3,0,3.459,1.731,-0.717,-3.252,0.03029,-3.496,0.1202,-2.12,0.522,-0.65,0.2908,-1.235,0.0373,-3.29
chief_complaint_smoke,1,337,3,3,0,3.111,1.718,-0.7715,-3.006,0.04297,-3.146,0.1094,-2.213,0.5312,-0.6323,0.269,-1.3125,0.04715,-3.055
chief_complaint_smoke,1,338,3,3,0,3.283,1.592,-1.095,-3.057,0.03564,-3.334,0.1333,-2.016,0.58,-0.5444,0.2058,-1.581,0.04495,-3.102
chief_complaint_smoke,1,339,4,3,1,3.24,1.778,-0.6973,-2.877,0.0376,-3.281,0.10693,-2.236,0.523,-0.6484,0.2793,-1.275,0.05328,-2.932
chief_complaint_smoke,1,341,3,3,0,3.326,1.676,-0.8867,-3.049,0.03467,-3.361,0.12305,-2.096,0.551,-0.596,0.2465,-1.4,0.04526,-3.096
chief_complaint_smoke,1,344,3,3,0,3.44,1.653,-0.7866,-3.184,0.03125,-3.465,0.1294,-2.045,0.5264,-0.6416,0.2732,-1.298,0.03976,-3.225
chief_complaint_smoke,1,345,3,3,0,3.303,1.579,-0.99,-3.127,0.03564,-3.334,0.1353,-2.0,0.558,-0.583,0.229,-1.474,0.04202,-3.17
chief_complaint_smoke,1,347,3,3,0,3.193,1.622,-1.073,-2.916,0.03955,-3.23,0.125,-2.08,0.581,-0.543,0.2032,-1.594,0.05136,-2.969
chief_complaint_smoke,1,351,3,3,0,3.488,1.756,-0.682,-3.168,0.0293,-3.531,0.11816,-2.135,0.5166,-0.6606,0.2954,-1.22,0.04037,-3.209
chief_complaint_smoke,1,352,4,3,1,3.334,1.704,-0.4739,-3.164,0.03418,-3.377,0.1196,-2.123,0.4624,-0.7715,0.3433,-1.069,0.04053,-3.205
chief_complaint_smoke,1,355,3,3,0,3.32,1.541,-0.4695,-2.932,0.03467,-3.361,0.1416,-1.955,0.439,-0.823,0.3342,-1.096,0.0506,-2.984
chief_complaint_smoke,1,357,3,3,0,3.096,1.547,-0.9297,-3.055,0.04297,-3.146,0.1323,-2.023,0.542,-0.6123,0.2379,-1.436,0.045,-3.102
chief_complaint_smoke,1,358,3,3,0,3.36,1.642,-0.9424,-3.027,0.03418,-3.377,0.1279,-2.057,0.5576,-0.584,0.2341,-1.452,0.0462,-3.074
chief_complaint_smoke,1,359,3,3,0,3.125,1.586,-0.934,-3.123,0.042,-3.17,0.1284,-2.053,0.548,-0.6016,0.2397,-1.428,0.04218,-3.166
chief_complaint_smoke,1,363,2,3,1,3.324,1.476,-0.9883,-2.967,0.03467,-3.361,0.1514,-1.888,0.543,-0.611,0.2223,-1.504,0.04898,-3.016
chief_complaint_smoke,1,364,3,3,0,3.5,1.725,-0.555,-3.229,0.0293,-3.531,0.1216,-2.107,0.4844,-0.725,0.3267,-1.119,0.03812,-3.268
chief_complaint_smoke,1,366,2,3,1,3.3,1.559,-0.9346,-2.977,0.03564,-3.334,0.1387,-1.976,0.544,-0.609,0.2335,-1.454,0.0485,-3.025
chief_complaint_smoke,1,369,3,3,0,3.195,1.722,-0.817,-2.918,0.03955,-3.23,0.1123,-2.188,0.542,-0.6123,0.2551,-1.366,0.05127,-2.97
chief_complaint_smoke,1,372,3,3,0,3.158,1.617,-0.861,-2.783,0.04102,-3.193,0.1245,-2.084,0.537,-0.6216,0.2389,-1.432,0.05823,-2.844
chief_complaint_smoke,1,376,4,3,1,3.377,1.767,-0.4573,-3.174,0.0332,-3.404,0.1128,-2.182,0.4663,-0.7627,0.3477,-1.057,0.04016,-3.215
chief_complaint_smoke,1,377,3,3,0,3.305,1.746,-0.4204,-3.084,0.03564,-3.334,0.1133,-2.178,0.4548,-0.7876,0.3525,-1.043,0.04376,-3.129
chief_complaint_smoke,1,378,3,3,0,2.453,1.418,-0.5405,-2.535,0.0791,-2.537,0.1157,-2.156,0.437,-0.8276,0.2947,-1.222,0.0734,-2.611
chief_complaint_smoke,1,380,3,3,0,3.29,1.565,-1.005,-3.133,0.03564,-3.334,0.1372,-1.986,0.5596,-0.5806,0.2261,-1.487,0.04178,-3.176
chief_complaint_smoke,1,381,5,3,2,3.158,1.637,-0.876,-3.13,0.04102,-3.193,0.1216,-2.107,0.543,-0.611,0.2524,-1.377,0.04187,-3.174
chief_complaint_smoke,1,383,4,3,1,3.42,1.742,-0.615,-3.242,0.03223,-3.436,0.1167,-2.148,0.5,-0.6934,0.3132,-1.161,0.0376,-3.281
chief_complaint_smoke,1,385,5,3,2,3.383,1.669,-0.888,-3.113,0.0332,-3.404,0.1255,-2.076,0.55,-0.598,0.249,-1.391,0.04254,-3.158
chief_complaint_smoke,1,386,4,3,1,3.305,1.746,-0.4204,-3.084,0.03564,-3.334,0.1133,-2.178,0.4548,-0.7876,0.3525,-1.043,0.04376,-3.129
chief_complaint_smoke,1,387,3,3,0,3.3,1.811,-0.963,-3.006,0.03564,-3.334,0.10547,-2.25,0.5825,-0.5405,0.2292,-1.473,0.04715,-3.055
chief_complaint_smoke,1,388,3,3,0,3.34,1.667,-0.9683,-3.113,0.03418,-3.377,0.1245,-2.084,0.566,-0.5693,0.2329,-1.457,0.04254,-3.158
chief_complaint_smoke,1,391,3,3,0,3.064,1.839,-0.686,-2.895,0.04492,-3.104,0.0923,-2.383,0.528,-0.639,0.2825,-1.265,0.05243,-2.95
chief_complaint_smoke,1,393,2,3,1,3.178,1.583,-0.928,-3.033,0.04053,-3.205,0.1299,-2.041,0.546,-0.6055,0.2375,-1.4375,0.04593,-3.08
chief_complaint_smoke,1,394,3,3,0,2.896,1.482,-0.758,-3.012,0.05273,-2.943,0.1318,-2.025,0.4963,-0.7007,0.2722,-1.301,0.04688,-3.06
chief_complaint_smoke,1,395,3,3,0,3.28,1.629,-0.8086,-3.205,0.03665,-3.307,0.1276,-2.059,0.528,-0.639,0.2695,-1.312,0.039,-3.244
chief_complaint_smoke,1,396,3,3,0,3.346,1.648,-0.951,-3.041,0.03418,-3.377,0.127,-2.064,0.56,-0.5796,0.2332,-1.456,0.04562,-3.088
chief_complaint_smoke,1,404,4,3,1,3.334,1.704,-0.4739,-3.164,0.03418,-3.377,0.1196,-2.123,0.4624,-0.7715,0.3433,-1.069,0.04053,-3.205
chief_complaint_smoke,1,405,2,3,1,3.21,1.736,-0.694,-2.99,0.03857,-3.256,0.11084,-2.2,0.5176,-0.6587,0.2852,-1.255,0.04788,-3.04
chief_complaint_smoke,1,407,4,3,1,3.404,1.722,-0.6445,-3.17,0.03223,-3.436,0.1196,-2.123,0.504,-0.6855,0.3037,-1.191,0.0403,-3.21
chief_complaint_smoke,1,409,3,3,0,3.102,1.917,-0.4524,-2.773,0.04297,-3.146,0.08545,-2.459,0.483,-0.728,0.3298,-1.109,0.05878,-2.834
chief_complaint_smoke,1,411,3,3,0,3.305,1.626,-1.013,-2.94,0.03564,-3.334,0.1289,-2.049,0.5693,-0.5635,0.2161,-1.532,0.05023,-2.99
chief_complaint_smoke,1,412,3,3,0,3.26,1.716,-0.6807,-3.268,0.03662,-3.307,0.1157,-2.156,0.5117,-0.67,0.2993,-1.206,0.03668,-3.305
chief_complaint_smoke,1,413,4,3,1,3.424,1.8,-0.5176,-3.205,0.03125,-3.465,0.11035,-2.203,0.4849,-0.724,0.3345,-1.095,0.03897,-3.244
chief_complaint_smoke,1,414,4,3,1,3.354,1.759,-0.4749,-3.174,0.03418,-3.377,0.1123,-2.188,0.47,-0.755,0.3433,-1.069,0.04016,-3.215
chief_complaint_smoke,1,416,3,3,0,3.385,1.665,-0.8237,-3.287,0.0332,-3.404,0.126,-2.072,0.536,-0.6235,0.269,-1.3125,0.036,-3.324
chief_complaint_smoke,1,417,3,3,0,3.408,1.749,-0.932,-3.127,0.03223,-3.436,0.1157,-2.156,0.5693,-0.5635,0.2405,-1.425,0.04202,-3.17
chief_complaint_smoke,1,420,3,3,0,3.283,1.602,-0.836,-3.082,0.03564,-3.334,0.1318,-2.025,0.5303,-0.6343,0.2585,-1.353,0.04385,-3.127
chief_complaint_smoke,1,421,2,3,1,3.084,1.413,-1.07,-3.03,0.04395,-3.125,0.1519,-1.885,0.549,-0.6,0.2092,-1.564,0.0461,-3.076
chief_complaint_smoke,1,423,2,3,1,3.326,1.715,-0.8794,-3.06,0.03467,-3.361,0.1177,-2.14,0.5547,-0.5894,0.2484,-1.393,0.04477,-3.105
chief_complaint_smoke,1,424,3,3,0,3.28,1.749,-0.8384,-2.994,0.03662,-3.307,0.1113,-2.195,0.55,-0.598,0.2544,-1.369,0.0477,-3.043
chief_complaint_smoke,1,427,2,3,1,2.936,1.652,-0.918,-2.453,0.0503,-2.99,0.11035,-2.203,0.5537,-0.5913,0.2062,-1.579,0.0792,-2.535
chief_complaint_smoke,1,428,4,3,1,3.076,1.569,-0.9478,-2.645,0.04395,-3.125,0.1284,-2.053,0.5483,-0.601,0.2129,-1.547,0.06635,-2.713
chief_complaint_smoke,1,430,3,3,0,3.33,1.7,-0.909,-3.186,0.03467,-3.361,0.1196,-2.123,0.5586,-0.5825,0.2474,-1.396,0.0397,-3.227
chief_complaint_smoke,1,431,3,3,0,3.154,1.675,-0.7563,-3.104,0.04102,-3.193,0.1167,-2.148,0.523,-0.6484,0.2764,-1.286,0.04294,-3.148
chief_complaint_smoke,1,433,3,3,0,2.898,1.716,-0.8447,-2.715,0.05176,-2.96,0.1006,-2.297,0.547,-0.6035,0.2384,-1.434,0.06213,-2.78
chief_complaint_smoke,1,435,3,3,0,3.34,1.615,-0.85,-3.018,0.03418,-3.377,0.1318,-2.025,0.5347,-0.626,0.2527,-1.376,0.04666,-3.064
chief_complaint_smoke,1,436,4,3,1,3.07,1.659,-0.724,-2.646,0.04492,-3.104,0.11523,-2.16,0.5137,-0.666,0.2603,-1.346,0.0662,-2.715
chief_complaint_smoke,1,437,3,3,0,2.764,1.337,-1.003,-2.805,0.0596,-2.82,0.1486,-1.907,0.524,-0.6465,0.2113,-1.555,0.05713,-2.863
chief_complaint_smoke,1,438,4,3,1,3.2,1.707,-0.805,-3.035,0.03955,-3.23,0.11426,-2.17,0.537,-0.6216,0.2632,-1.335,0.04587,-3.082
chief_complaint_smoke,1,439,3,3,0,3.248,1.778,-0.7583,-3.14,0.03763,-3.28,0.107,-2.234,0.5366,-0.6226,0.2778,-1.28,0.04147,-3.184
chief_complaint_smoke,1,440,4,3,1,3.299,1.755,-0.917,-2.797,0.03564,-3.334,0.1118,-2.191,0.567,-0.5674,0.2281,-1.478,0.0575,-2.855
chief_complaint_smoke,1,443,4,3,1,3.092,1.559,-0.954,-3.027,0.04297,-3.146,0.1313,-2.03,0.548,-0.6016,0.2319,-1.461,0.0462,-3.074
chief_complaint_smoke,1,444,3,3,0,2.988,1.58,-0.976,-2.893,0.04834,-3.03,0.12256,-2.1,0.5557,-0.5874,0.2212,-1.509,0.0525,-2.947
chief_complaint_smoke,1,446,3,3,0,3.35,1.578,-1.057,-3.104,0.03418,-3.377,0.1367,-1.99,0.5713,-0.56,0.2148,-1.538,0.04294,-3.148
chief_complaint_smoke,1,454,5,3,2,3.191,1.587,-0.7354,-2.602,0.03955,-3.23,0.1309,-2.033,0.506,-0.6816,0.255,-1.367,0.06903,-2.674
chief_complaint_smoke,1,455,3,3,0,3.236,1.632,-0.8936,-3.164,0.0376,-3.281,0.126,-2.072,0.546,-0.6055,0.25,-1.387,0.04053,-3.205
chief_complaint_smoke,1,457,3,3,0,3.479,1.708,-0.804,-3.219,0.03027,-3.498,0.12354,-2.092,0.537,-0.6216,0.2705,-1.308,0.03845,-3.258
chief_complaint_smoke,1,458,4,3,1,3.295,1.738,-0.8633,-3.127,0.03564,-3.334,0.1138,-2.174,0.5537,-0.5913,0.2546,-1.368,0.04202,-3.17
chief_complaint_smoke,1,459,3,3,0,3.396,1.66,-0.8384,-3.129,0.03223,-3.436,0.1279,-2.057,0.538,-0.6196,0.26,-1.347,0.04193,-3.172
chief_complaint_smoke,1,461,4,3,1,2.479,1.594,-0.8687,-2.807,0.0777,-2.555,0.0914,-2.393,0.5356,-0.6245,0.2388,-1.433,0.057,-2.865
chief_complaint_smoke,1,462,3,3,0,3.322,1.609,-0.9194,-2.918,0.03467,-3.361,0.1323,-2.023,0.548,-0.6016,0.2339,-1.453,0.05127,-2.97
chief_complaint_smoke,1,463,3,3,0,3.264,1.788,-0.7666,-3.05,0.03662,-3.307,0.10645,-2.24,0.54,-0.616,0.272,-1.302,0.0452,-3.098
chief_complaint_smoke,1,464,3,3,0,3.373,1.695,-0.864,-3.258,0.0332,-3.404,0.1221,-2.104,0.5483,-0.601,0.2593,-1.35,0.03705,-3.295
chief_complaint_smoke,1,466,3,3,0,3.451,1.77,-0.5522,-3.15,0.03027,-3.498,0.11475,-2.164,0.4897,-0.714,0.3242,-1.126,0.04108,-3.191
chief_complaint_smoke,1,467,3,3,0,3.416,1.673,-0.784,-3.182,0.03223,-3.436,0.1255,-2.076,0.5293,-0.636,0.2734,-1.297,0.03986,-3.223
chief_complaint_smoke,1,468,3,3,0,3.26,1.569,-0.8823,-2.89,0.03662,-3.307,0.1357,-1.997,0.535,-0.625,0.2401,-1.427,0.05264,-2.943
chief_complaint_smoke,1,470,4,3,1,3.188,1.458,-0.955,-3.08,0.03955,-3.23,0.1489,-1.904,0.5337,-0.628,0.2339,-1.453,0.0439,-3.125
chief_complaint_smoke,1,472,3,3,0,3.375,1.754,-0.831,-3.223,0.0332,-3.404,0.11426,-2.17,0.549,-0.6,0.2651,-1.327,0.03833,-3.262
chief_complaint_smoke,1,473,4,3,1,3.268,1.822,-0.6235,-2.926,0.03662,-3.307,0.103,-2.273,0.511,-0.671,0.2983,-1.21,0.05087,-2.979
chief_complaint_smoke,1,474,2,3,1,3.318,1.66,-0.956,-3.139,0.03467,-3.361,0.1255,-2.076,0.5625,-0.575,0.2361,-1.443,0.04153,-3.182
chief_complaint_smoke,1,475,5,3,2,3.256,1.552,-0.914,-3.047,0.03662,-3.307,0.1382,-1.9795,0.539,-0.618,0.2407,-1.424,0.04535,-3.094
chief_complaint_smoke,1,478,3,3,0,3.07,1.496,-0.818,-3.113,0.04492,-3.104,0.1377,-1.982,0.511,-0.671,0.2637,-1.333,0.04254,-3.158
chief_complaint_smoke,1,482,3,3,0,3.459,1.711,-0.6274,-3.27,0.03027,-3.498,0.12256,-2.1,0.499,-0.6953,0.3115,-1.166,0.03662,-3.307
chief_complaint_smoke,1,483,3,3,0,3.256,1.718,-0.8975,-3.074,0.03662,-3.307,0.1157,-2.156,0.558,-0.583,0.2454,-1.405,0.04416,-3.12
chief_complaint_smoke,1,484,4,3,1,3.336,1.732,-0.9526,-3.07,0.03418,-3.377,0.1162,-2.152,0.5713,-0.56,0.234,-1.452,0.04434,-3.115
chief_complaint_smoke,1,485,1,3,2,2.828,1.677,-0.8657,-2.857,0.05618,-2.879,0.1016,-2.287,0.5464,-0.6045,0.242,-1.419,0.05432,-2.912
chief_complaint_smoke,1,488,3,3,0,3.334,1.704,-0.4739,-3.164,0.03418,-3.377,0.1196,-2.123,0.4624,-0.7715,0.3433,-1.069,0.04053,-3.205
chief_complaint_smoke,1,490,3,3,0,3.262,1.724,-0.7983,-2.93,0.03662,-3.307,0.11523,-2.16,0.538,-0.6196,0.2595,-1.349,0.05072,-2.98
chief_complaint_smoke,1,492,3,3,0,2.143,1.274,-0.4453,-2.32,0.105,-2.254,0.1133,-2.178,0.391,-0.939,0.3013,-1.2,0.0895,-2.414
chief_complaint_smoke,1,493,3,3,0,3.158,1.633,-0.8647,-3.012,0.04102,-3.193,0.12256,-2.1,0.54,-0.616,0.2495,-1.389,0.04688,-3.06
chief_complaint_smoke,1,498,3,3,0,3.42,1.636,-0.875,-3.148,0.03226,-3.434,0.1315,-2.03,0.5425,-0.612,0.2532,-1.374,0.0412,-3.19
chief_complaint_smoke,1,502,3,3,0,3.281,1.777,-0.7666,-3.041,0.03568,-3.334,0.10895,-2.217,0.5386,-0.6187,0.2717,-1.303,0.04565,-3.086
chief_complaint_smoke,1,505,4,3,1,3.334,1.704,-0.4739,-3.164,0.03418,-3.377,0.1196,-2.123,0.4624,-0.7715,0.3433,-1.069,0.04053,-3.205
chief_complaint_smoke,1,506,3,3,0,3.111,1.718,-0.7715,-3.006,0.04297,-3.146,0.1094,-2.213,0.5312,-0.6323,0.269,-1.3125,0.04715,-3.055
chief_complaint_smoke,1,508,3,3,0,3.094,1.297,-0.9995,-2.992,0.04297,-3.146,0.1719,-1.761,0.516,-0.6616,0.2212,-1.509,0.0478,-3.041
chief_complaint_smoke,1,509,3,3,0,3.014,1.537,-0.958,-2.727,0.0464,-3.07,0.1304,-2.037,0.546,-0.6055,0.2157,-1.534,0.06143,-2.79
chief_complaint_smoke,1,510,4,3,1,2.93,1.607,-0.957,-2.637,0.05078,-2.98,0.1162,-2.152,0.5557,-0.5874,0.2107,-1.558,0.06683,-2.705
chief_complaint_smoke,1,511,3,3,0,2.812,1.66,-1.001,-2.645,0.05713,-2.863,0.103,-2.273,0.5713,-0.56,0.2024,-1.598,0.06635,-2.713
chief_complaint_smoke,1,514,4,3,1,2.143,1.274,-0.4453,-2.32,0.105,-2.254,0.1133,-2.178,0.391,-0.939,0.3013,-1.2,0.0895,-2.414
chief_complaint_smoke,1,515,3,3,0,2.996,1.526,-0.8154,-2.96,0.0474,-3.049,0.131,-2.033,0.515,-0.663,0.2578,-1.355,0.04926,-3.01
chief_complaint_smoke,1,517,4,3,1,3.334,1.803,-0.566,-3.191,0.03418,-3.377,0.1074,-2.23,0.4963,-0.7007,0.3225,-1.132,0.0395,-3.232
chief_complaint_smoke,1,523,4,3,1,3.42,1.701,-0.8687,-3.139,0.03223,-3.436,0.1221,-2.104,0.55,-0.598,0.2542,-1.37,0.04153,-3.182
chief_complaint_smoke,1,525,3,3,0,3.281,1.777,-0.7666,-3.041,0.03568,-3.334,0.10895,-2.217,0.5386,-0.6187,0.2717,-1.303,0.04565,-3.086
chief_complaint_smoke,1,526,2,3,1,3.168,1.681,-0.623,-2.814,0.04053,-3.205,0.1167,-2.148,0.4934,-0.7065,0.2927,-1.229,0.05655,-2.873
chief_complaint_smoke,1,528,2,3,1,3.277,1.635,-0.8164,-2.936,0.03662,-3.307,0.127,-2.064,0.53,-0.6353,0.256,-1.362,0.05045,-2.986
chief_complaint_smoke,1,529,3,3,0,3.281,1.777,-0.7666,-3.041,0.03568,-3.334,0.10895,-2.217,0.5386,-0.6187,0.2717,-1.303,0.04565,-3.086
chief_complaint_smoke,1,530,3,3,0,3.232,1.72,-1.002,-2.979,0.0376,-3.281,0.11426,-2.17,0.5796,-0.5454,0.2202,-1.513,0.0484,-3.027
chief_complaint_smoke,1,531,2,3,1,3.074,1.396,-0.9443,-2.99,0.04395,-3.125,0.1543,-1.869,0.5215,-0.651,0.2322,-1.46,0.04788,-3.04
chief_complaint_smoke,1,534,3,3,0,3.275,1.528,-1.03,-3.07,0.03662,-3.307,0.1416,-1.955,0.5586,-0.5825,0.2186,-1.5205,0.04434,-3.115
chief_complaint_smoke,1,535,2,3,1,3.111,1.718,-0.7715,-3.006,0.04297,-3.146,0.1094,-2.213,0.5312,-0.6323,0.269,-1.3125,0.04715,-3.055
chief_complaint_smoke,1,537,5,3,2,3.154,1.675,-0.7563,-3.104,0.04102,-3.193,0.1167,-2.148,0.523,-0.6484,0.2764,-1.286,0.04294,-3.148
chief_complaint_smoke,1,538,2,3,1,3.281,1.777,-0.7666,-3.041,0.03568,-3.334,0.10895,-2.217,0.5386,-0.6187,0.2717,-1.303,0.04565,-3.086
chief_complaint_smoke,1,544,4,3,1,3.27,1.63,-0.84,-3.0,0.03662,-3.307,0.1274,-2.06,0.534,-0.627,0.2542,-1.37,0.04745,-3.049
chief_complaint_smoke,1,549,3,3,0,3.25,1.604,-0.7407,-2.904,0.0376,-3.281,0.1299,-2.041,0.51,-0.674,0.2708,-1.307,0.05194,-2.957
chief_complaint_smoke,1,552,2,3,1,3.156,1.453,-1.087,-3.13,0.04102,-3.193,0.1489,-1.904,0.5576,-0.584,0.2103,-1.56,0.04187,-3.174
chief_complaint_smoke,1,553,4,3,1,3.242,1.635,-0.87,-3.08,0.03763,-3.28,0.1261,-2.07,0.5415,-0.6133,0.2515,-1.381,0.04395,-3.125
chief_complaint_smoke,1,555,4,3,1,3.33,1.608,-0.944,-3.227,0.0347,-3.361,0.1324,-2.021,0.553,-0.592,0.242,-1.419,0.0382,-3.266
chief_complaint_smoke,1,559,3,3,0,3.426,1.774,-0.6406,-3.146,0.03128,-3.465,0.11383,-2.174,0.5103,-0.673,0.304,-1.19,0.04126,-3.188
chief_complaint_smoke,1,560,4,3,1,3.121,1.652,-0.758,-2.72,0.042,-3.17,0.11865,-2.13,0.5205,-0.653,0.2573,-1.357,0.06177,-2.785
chief_complaint_smoke,1,563,3,3,0,3.426,1.792,-0.68,-3.238,0.03128,-3.465,0.1119,-2.19,0.521,-0.652,0.2986,-1.209,0.03778,-3.275
chief_complaint_smoke,1,567,2,3,1,3.238,1.72,-0.596,-2.98,0.0376,-3.281,0.11426,-2.17,0.4932,-0.707,0.3066,-1.182,0.0483,-3.03
chief_complaint_smoke,1,569,3,3,0,3.416,1.642,-0.802,-3.242,0.03223,-3.436,0.1299,-2.041,0.5283,-0.638,0.2722,-1.301,0.0376,-3.281
chief_complaint_smoke,1,571,4,3,1,3.322,1.581,-0.952,-3.062,0.03467,-3.361,0.1362,-1.993,0.551,-0.596,0.2336,-1.454,0.04468,-3.107
chief_complaint_smoke,1,572,4,3,1,3.33,1.75,-0.4849,-3.182,0.03467,-3.361,0.1133,-2.178,0.4712,-0.7524,0.341,-1.076,0.03986,-3.223
chief_complaint_smoke,1,575,3,3,0,3.291,1.703,-0.911,-3.04,0.03564,-3.334,0.11816,-2.135,0.5596,-0.5806,0.2412,-1.422,0.0457,-3.086
chief_complaint_smoke,1,576,2,3,1,2.637,1.589,-0.603,-2.6,0.0664,-2.713,0.103,-2.273,0.477,-0.74,0.2844,-1.257,0.06915,-2.672
chief_complaint_smoke,1,578,4,3,1,3.154,1.675,-0.7563,-3.104,0.04102,-3.193,0.1167,-2.148,0.523,-0.6484,0.2764,-1.286,0.04294,-3.148
chief_complaint_smoke,1,580,2,3,1,3.25,1.663,-0.91,-3.145,0.0376,-3.281,0.1216,-2.107,0.5537,-0.5913,0.2458,-1.403,0.04132,-3.186
chief_complaint_smoke,1,581,4,3,1,3.305,1.583,-0.8877,-3.174,0.03564,-3.334,0.1348,-2.004,0.538,-0.6196,0.2515,-1.381,0.04016,-3.215
chief_complaint_smoke,1,583,3,3,0,3.334,1.679,-0.832,-2.998,0.03418,-3.377,0.12305,-2.096,0.5396,-0.617,0.2556,-1.364,0.04752,-3.047
chief_complaint_smoke,1,585,4,3,1,3.25,1.462,-1.029,-2.936,0.0376,-3.281,0.1504,-1.895,0.549,-0.6,0.2128,-1.548,0.05045,-2.986
chief_complaint_smoke,1,588,2,3,1,3.242,1.57,-0.9316,-3.086,0.0376,-3.281,0.1348,-2.004,0.545,-0.607,0.2388,-1.433,0.0437,-3.13
chief_complaint_smoke,1,590,4,3,1,2.938,1.612,-0.8745,-2.936,0.0503,-2.99,0.1157,-2.156,0.54,-0.616,0.2438,-1.411,0.05045,-2.986
chief_complaint_smoke,1,593,3,3,0,3.354,1.704,-1.049,-2.979,0.03418,-3.377,0.1196,-2.123,0.587,-0.5327,0.2112,-1.555,0.0484,-3.027
chief_complaint_smoke,1,595,4,3,1,3.51,1.766,-0.547,-3.258,0.0293,-3.531,0.1167,-2.148,0.4873,-0.7188,0.3296,-1.11,0.03705,-3.295
chief_complaint_smoke,1,596,3,3,0,3.22,1.583,-0.9595,-2.924,0.03857,-3.256,0.1318,-2.025,0.5527,-0.593,0.2261,-1.487,0.051,-2.977
chief_complaint_smoke,1,597,3,3,0,2.941,1.535,-0.821,-2.484,0.0503,-2.99,0.1274,-2.06,0.5166,-0.6606,0.2288,-1.475,0.07697,-2.564
chief_complaint_smoke,1,599,3,3,0,3.139,1.769,-0.8115,-3.102,0.04102,-3.193,0.105,-2.254,0.5464,-0.6045,0.2646,-1.329,0.04303,-3.146
chief_complaint_smoke,1,600,3,3,0,3.277,1.6,-0.9785,-3.158,0.03662,-3.307,0.1313,-2.03,0.5586,-0.5825,0.2324,-1.459,0.04077,-3.2
chief_complaint_smoke,1,603,4,3,1,3.39,1.754,-0.928,-3.002,0.03223,-3.436,0.11523,-2.16,0.5693,-0.5635,0.2361,-1.443,0.04733,-3.05
chief_complaint_smoke,1,604,5,3,2,3.268,1.822,-0.6235,-2.926,0.03662,-3.307,0.103,-2.273,0.511,-0.671,0.2983,-1.21,0.05087,-2.979
chief_complaint_smoke,1,605,2,3,1,3.26,1.6045,-0.9126,-3.23,0.03662,-3.307,0.1309,-2.033,0.546,-0.6055,0.2485,-1.393,0.03802,-3.27
chief_complaint_smoke,1,606,2,3,1,2.938,1.596,-0.779,-2.975,0.0503,-2.99,0.11865,-2.13,0.5166,-0.6606,0.2659,-1.325,0.04858,-3.025
chief_complaint_smoke,1,608,3,3,0,3.271,1.73,-0.8228,-3.066,0.03662,-3.307,0.11426,-2.17,0.544,-0.609,0.2607,-1.344,0.0445,-3.113
chief_complaint_smoke,1,609,3,3,0,3.31,1.6875,-0.859,-3.148,0.03467,-3.361,0.1211,-2.111,0.547,-0.6035,0.2563,-1.361,0.04117,-3.19
chief_complaint_smoke,1,615,4,3,1,3.33,1.751,-0.607,-2.977,0.03467,-3.361,0.1133,-2.178,0.4995,-0.6943,0.304,-1.19,0.0485,-3.025
chief_complaint_smoke,1,620,3,3,0,3.24,1.576,-0.944,-3.146,0.0376,-3.281,0.1338,-2.012,0.549,-0.6,0.2388,-1.433,0.04123,-3.19
chief_complaint_smoke,1,621,3,3,0,3.287,1.72,-0.4207,-2.883,0.03564,-3.334,0.1162,-2.152,0.452,-0.7944,0.3433,-1.069,0.053,-2.938
chief_complaint_smoke,1,622,3,3,0,3.375,1.747,-0.8438,-3.254,0.0332,-3.404,0.11475,-2.164,0.5513,-0.5957,0.2637,-1.333,0.0372,-3.291
chief_complaint_smoke,1,623,5,3,2,3.29,1.592,-0.987,-3.068,0.03564,-3.334,0.1333,-2.016,0.5596,-0.5806,0.227,-1.482,0.04443,-3.113
chief_complaint_smoke,1,624,3,3,0,3.111,1.718,-0.7715,-3.006,0.04297,-3.146,0.1094,-2.213,0.5312,-0.6323,0.269,-1.3125,0.04715,-3.055
chief_complaint_smoke,1,625,3,3,0,3.139,1.769,-0.8115,-3.102,0.04102,-3.193,0.105,-2.254,0.5464,-0.6045,0.2646,-1.329,0.04303,-3.146
chief_complaint_smoke,1,627,4,3,1,3.244,1.697,-0.965,-2.992,0.0376,-3.281,0.1177,-2.14,0.569,-0.564,0.228,-1.479,0.0478,-3.041
chief_complaint_smoke,1,628,4,3,1,3.07,1.659,-0.724,-2.646,0.04492,-3.104,0.11523,-2.16,0.5137,-0.666,0.2603,-1.346,0.0662,-2.715
chief_complaint_smoke,1,629,5,3,2,3.346,1.692,-0.9346,-3.166,0.0342,-3.375,0.12115,-2.111,0.563,-0.5747,0.2416,-1.421,0.0405,-3.207
chief_complaint_smoke,1,633,3,3,0,3.32,1.541,-0.4695,-2.932,0.03467,-3.361,0.1416,-1.955,0.439,-0.823,0.3342,-1.096,0.0506,-2.984
chief_complaint_smoke,1,637,4,3,1,3.34,1.674,-0.868,-3.148,0.03418,-3.377,0.12354,-2.092,0.547,-0.6035,0.2544,-1.369,0.04117,-3.19
chief_complaint_smoke,1,638,3,3,0,3.135,1.594,-0.957,-3.125,0.042,-3.17,0.127,-2.064,0.5537,-0.5913,0.2355,-1.446,0.04208,-3.168
chief_complaint_smoke,1,639,5,3,2,2.871,1.493,-0.6587,-2.596,0.0537,-2.924,0.1299,-2.041,0.4756,-0.743,0.2715,-1.304,0.0694,-2.668
chief_complaint_smoke,1,642,3,3,0,2.824,1.534,-0.723,-2.945,0.05615,-2.879,0.1216,-2.107,0.4956,-0.702,0.2766,-1.285,0.04996,-2.996
chief_complaint_smoke,1,643,4,3,1,2.92,1.468,-0.8657,-2.727,0.05078,-2.98,0.1367,-1.99,0.5166,-0.6606,0.2347,-1.449,0.06143,-2.79
chief_complaint_smoke,1,644,3,3,0,3.234,1.688,-0.8237,-2.902,0.0376,-3.281,0.11816,-2.135,0.539,-0.618,0.253,-1.375,0.05203,-2.955
chief_complaint_smoke,1,649,4,3,1,3.195,1.78,-0.799,-2.875,0.03958,-3.229,0.10504,-2.254,0.5454,-0.6064,0.257,-1.358,0.05347,-2.928
chief_complaint_smoke,1,650,3,3,0,2.766,1.491,-0.67,-2.703,0.0586,-2.838,0.125,-2.08,0.4778,-0.739,0.276,-1.288,0.0628,-2.768
chief_complaint_smoke,1,651,3,3,0,3.469,1.735,-0.6064,-3.195,0.03027,-3.498,0.1201,-2.12,0.4968,-0.6997,0.3135,-1.16,0.03934,-3.236
chief_complaint_smoke,1,653,2,3,1,3.334,1.618,-0.889,-3.213,0.0342,-3.375,0.1315,-2.03,0.5435,-0.61,0.2527,-1.376,0.03873,-3.252
chief_complaint_smoke,1,654,5,3,2,2.145,1.088,-0.6304,-2.453,0.105,-2.254,0.147,-1.918,0.4006,-0.9146,0.268,-1.316,0.0792,-2.535
chief_complaint_smoke,1,655,3,3,0,3.098,1.526,-0.919,-2.883,0.04297,-3.146,0.1353,-2.0,0.5366,-0.6226,0.2322,-1.46,0.053,-2.938
chief_complaint_smoke,1,658,3,3,0,2.898,1.716,-0.8447,-2.715,0.05176,-2.96,0.1006,-2.297,0.547,-0.6035,0.2384,-1.434,0.06213,-2.78
chief_complaint_smoke,1,660,3,3,0,3.164,1.677,-1.028,-3.113,0.04053,-3.205,0.1172,-2.145,0.579,-0.5464,0.221,-1.51,0.04254,-3.158
chief_complaint_smoke,1,661,4,3,1,3.307,1.706,-0.702,-3.207,0.03564,-3.334,0.11816,-2.135,0.5146,-0.664,0.2925,-1.2295,0.0389,-3.246
chief_complaint_smoke,1,663,3,3,0,3.281,1.777,-0.7666,-3.041,0.03568,-3.334,0.10895,-2.217,0.5386,-0.6187,0.2717,-1.303,0.04565,-3.086
chief_complaint_smoke,1,665,1,3,2,2.938,1.596,-0.779,-2.975,0.0503,-2.99,0.11865,-2.13,0.5166,-0.6606,0.2659,-1.325,0.04858,-3.025
chief_complaint_smoke,1,667,1,3,2,2.227,1.17,-0.5425,-2.354,0.09717,-2.332,0.1396,-1.969,0.3958,-0.927,0.2808,-1.2705,0.0868,-2.443
chief_complaint_smoke,1,668,3,3,0,3.408,1.673,-0.737,-3.24,0.03223,-3.436,0.1255,-2.076,0.5186,-0.6567,0.2861,-1.251,0.03766,-3.28
chief_complaint_smoke,1,669,4,3,1,3.498,1.692,-0.627,-3.242,0.0293,-3.531,0.126,-2.072,0.4963,-0.7007,0.3108,-1.169,0.0376,-3.281
chief_complaint_smoke,1,670,3,3,0,3.236,1.66,-1.064,-2.836,0.0376,-3.281,0.12256,-2.1,0.583,-0.5396,0.2012,-1.604,0.05542,-2.893
chief_complaint_smoke,1,675,3,3,0,3.297,1.669,-0.977,-3.158,0.03564,-3.334,0.12305,-2.096,0.568,-0.566,0.2327,-1.458,0.04077,-3.2
chief_complaint_smoke,1,676,4,3,1,3.3,1.665,-0.7227,-3.049,0.03564,-3.334,0.12354,-2.092,0.514,-0.665,0.2815,-1.268,0.04526,-3.096
chief_complaint_smoke,1,677,3,3,0,3.312,1.623,-1.003,-3.146,0.03467,-3.361,0.1299,-2.041,0.5674,-0.567,0.227,-1.482,0.04123,-3.19
chief_complaint_smoke,1,680,3,3,0,3.27,1.609,-0.7974,-3.121,0.03662,-3.307,0.1304,-2.037,0.5225,-0.6494,0.2686,-1.314,0.04224,-3.164
chief_complaint_smoke,1,683,4,3,1,3.271,1.73,-0.8228,-3.066,0.03662,-3.307,0.11426,-2.17,0.544,-0.609,0.2607,-1.344,0.0445,-3.113
chief_complaint_smoke,1,688,4,3,1,3.281,1.7295,-0.5884,-3.12,0.03564,-3.334,0.11523,-2.16,0.4922,-0.709,0.3147,-1.156,0.04233,-3.162
chief_complaint_smoke,1,689,4,3,1,3.04,1.615,-0.6177,-2.543,0.0459,-3.082,0.1201,-2.12,0.484,-0.726,0.2773,-1.282,0.0729,-2.62
chief_complaint_smoke,1,691,3,3,0,2.736,1.443,-1.0205,-2.785,0.06055,-2.805,0.1304,-2.037,0.544,-0.609,0.2068,-1.576,0.05814,-2.846
chief_complaint_smoke,1,692,4,3,1,3.232,1.596,-0.9507,-3.11,0.0376,-3.281,0.1313,-2.03,0.5522,-0.5938,0.2361,-1.443,0.04272,-3.152
chief_complaint_smoke,1,694,3,3,0,3.234,1.62,-0.9023,-3.062,0.0376,-3.281,0.1279,-2.057,0.546,-0.6055,0.2439,-1.411,0.04468,-3.107
chief_complaint_smoke,1,696,2,3,1,3.195,1.646,-1.075,-2.979,0.03955,-3.23,0.1216,-2.107,0.5845,-0.537,0.206,-1.58,0.0484,-3.027
chief_complaint_smoke,1,697,4,3,1,3.281,1.661,-0.74,-3.092,0.03564,-3.334,0.12354,-2.092,0.5176,-0.6587,0.2795,-1.274,0.04346,-3.137
chief_complaint_smoke,1,698,4,3,1,3.246,1.663,-0.8506,-3.111,0.0376,-3.281,0.1216,-2.107,0.5415,-0.6133,0.2566,-1.36,0.04263,-3.154
chief_complaint_smoke,1,699,3,3,0,3.256,1.66,-0.9067,-3.088,0.03662,-3.307,0.12354,-2.092,0.5522,-0.5938,0.244,-1.41,0.0436,-3.133
chief_complaint_smoke,1,701,4,3,1,2.945,1.661,-0.6016,-2.564,0.0503,-2.99,0.1089,-2.217,0.4868,-0.7197,0.2825,-1.265,0.0715,-2.639
chief_complaint_smoke,1,708,2,3,1,3.246,1.586,-1.074,-3.03,0.0376,-3.281,0.1328,-2.02,0.575,-0.553,0.2085,-1.567,0.0461,-3.076
chief_complaint_smoke,1,712,3,3,0,3.4,1.783,-0.862,-3.273,0.03223,-3.436,0.1118,-2.191,0.559,-0.5815,0.2603,-1.346,0.0365,-3.31
chief_complaint_smoke,1,714,2,3,1,3.3,1.611,-0.8794,-3.07,0.03564,-3.334,0.1304,-2.037,0.541,-0.6143,0.2489,-1.391,0.04434,-3.115
chief_complaint_smoke,1,715,3,3,0,3.346,1.54,-1.022,-3.062,0.03418,-3.377,0.1426,-1.948,0.5586,-0.5825,0.22,-1.515,0.04468,-3.107
chief_complaint_smoke,1,719,3,3,0,2.637,1.589,-0.603,-2.6,0.0664,-2.713,0.103,-2.273,0.477,-0.74,0.2844,-1.257,0.06915,-2.672
chief_complaint_smoke,1,724,3,3,0,3.16,1.562,-0.8706,-2.863,0.04053,-3.205,0.1328,-2.02,0.5312,-0.6323,0.2412,-1.422,0.05402,-2.918
chief_complaint_smoke,1,725,3,3,0,3.29,1.716,-0.8213,-3.197,0.03568,-3.334,0.11676,-2.148,0.5425,-0.612,0.2664,-1.323,0.0393,-3.236
chief_complaint_smoke,1,727,4,3,1,3.16,1.435,-1.026,-2.967,0.04053,-3.205,0.1519,-1.885,0.544,-0.609,0.2147,-1.538,0.04898,-3.016
chief_complaint_smoke,1,729,4,3,1,3.377,1.767,-0.4573,-3.174,0.0332,-3.404,0.1128,-2.182,0.4663,-0.7627,0.3477,-1.057,0.04016,-3.215
chief_complaint_smoke,1,730,2,3,1,3.256,1.702,-0.891,-3.152,0.03662,-3.307,0.1177,-2.14,0.5547,-0.5894,0.25,-1.387,0.041,-3.195
chief_complaint_smoke,1,731,3,3,0,3.348,1.772,-0.6,-3.16,0.03418,-3.377,0.11084,-2.2,0.501,-0.6914,0.3135,-1.16,0.04068,-3.201
chief_complaint_smoke,1,732,3,3,0,3.271,1.73,-0.8228,-3.066,0.03662,-3.307,0.11426,-2.17,0.544,-0.609,0.2607,-1.344,0.0445,-3.113
chief_complaint_smoke,1,734,2,3,1,3.166,1.511,-0.973,-3.08,0.04056,-3.205,0.1403,-1.964,0.5454,-0.6064,0.2303,-1.468,0.04395,-3.125
chief_complaint_smoke,1,736,3,3,0,3.217,1.613,-0.834,-3.084,0.03857,-3.256,0.1274,-2.06,0.5312,-0.6323,0.259,-1.351,0.04376,-3.129
chief_complaint_smoke,1,737,3,3,0,3.281,1.777,-0.7666,-3.041,0.03568,-3.334,0.10895,-2.217,0.5386,-0.6187,0.2717,-1.303,0.04565,-3.086
chief_complaint_smoke,1,739,3,3,0,3.422,1.66,-0.712,-3.137,0.03125,-3.465,0.1289,-2.049,0.5107,-0.672,0.2876,-1.246,0.04163,-3.18
chief_complaint_smoke,1,742,3,3,0,3.418,1.748,-0.791,-2.992,0.03223,-3.436,0.1157,-2.156,0.54,-0.616,0.2642,-1.331,0.0478,-3.041
chief_complaint_smoke,1,743,3,3,0,3.29,1.565,-1.041,-3.07,0.03564,-3.334,0.1372,-1.986,0.5664,-0.5684,0.2167,-1.529,0.04434,-3.115
chief_complaint_smoke,1,744,4,3,1,3.377,1.767,-0.4573,-3.174,0.0332,-3.404,0.1128,-2.182,0.4663,-0.7627,0.3477,-1.057,0.04016,-3.215
chief_complaint_smoke,1,749,4,3,1,3.168,1.681,-0.623,-2.814,0.04053,-3.205,0.1167,-2.148,0.4934,-0.7065,0.2927,-1.229,0.05655,-2.873
chief_complaint_smoke,1,751,3,3,0,3.158,1.617,-0.861,-2.783,0.04102,-3.193,0.1245,-2.084,0.537,-0.6216,0.2389,-1.432,0.05823,-2.844
chief_complaint_smoke,1,752,3,3,0,3.332,1.635,-0.9233,-3.148,0.03467,-3.361,0.1289,-2.049,0.5522,-0.5938,0.243,-1.414,0.04117,-3.19
chief_complaint_smoke,1,754,5,3,2,2.934,1.56,-0.748,-2.408,0.0503,-2.99,0.12305,-2.096,0.5054,-0.6826,0.2388,-1.433,0.0825,-2.494
chief_complaint_smoke,1,756,4,3,1,3.3,1.61,-0.8154,-3.186,0.03564,-3.334,0.1313,-2.03,0.5264,-0.6416,0.267,-1.32,0.0397,-3.227
chief_complaint_smoke,1,758,2,3,1,3.238,1.587,-1.008,-2.9,0.0376,-3.281,0.1328,-2.02,0.5625,-0.575,0.2152,-1.536,0.05212,-2.955
chief_complaint_smoke,1,760,3,3,0,2.92,1.468,-0.8657,-2.727,0.05078,-2.98,0.1367,-1.99,0.5166,-0.6606,0.2347,-1.449,0.06143,-2.79
chief_complaint_smoke,1,764,4,3,1,3.307,1.612,-0.8936,-3.22,0.03564,-3.334,0.1304,-2.037,0.5435,-0.61,0.2522,-1.378,0.0384,-3.26
chief_complaint_smoke,1,766,1,3,2,2.85,1.452,-0.9775,-2.861,0.0547,-2.906,0.1353,-2.0,0.5366,-0.6226,0.2194,-1.517,0.0541,-2.916
chief_complaint_smoke,1,768,4,3,1,2.303,1.506,-0.5854,-2.426,0.0908,-2.398,0.0908,-2.398,0.461,-0.7744,0.2761,-1.287,0.08124,-2.51
chief_complaint_smoke,1,769,2,3,1,3.195,1.741,-0.824,-3.115,0.03955,-3.23,0.10986,-2.209,0.546,-0.6055,0.2625,-1.338,0.0425,-3.158
chief_complaint_smoke,1,770,3,3,0,3.107,1.694,-0.9565,-3.027,0.04297,-3.146,0.1123,-2.188,0.5674,-0.567,0.2314,-1.464,0.0462,-3.074
chief_complaint_smoke,1,771,4,3,1,3.422,1.766,-0.519,-3.254,0.03125,-3.465,0.11475,-2.164,0.4807,-0.7324,0.3362,-1.09,0.0372,-3.291
chief_complaint_smoke,1,772,3,3,0,3.361,1.76,-0.991,-3.027,0.03418,-3.377,0.1123,-2.188,0.583,-0.5396,0.2244,-1.494,0.0462,-3.074
chief_complaint_smoke,1,777,5,3,2,3.227,1.663,-0.6504,-2.955,0.03857,-3.256,0.1206,-2.115,0.4978,-0.6978,0.2935,-1.226,0.0495,-3.006
chief_complaint_smoke,1,778,4,3,1,3.111,1.643,-0.9595,-3.076,0.04297,-3.146,0.11914,-2.127,0.5605,-0.5786,0.233,-1.457,0.0441,-3.121
chief_complaint_smoke,1,782,3,3,0,3.309,1.557,-1.035,-3.047,0.0347,-3.361,0.1398,-1.968,0.564,-0.5728,0.2167,-1.529,0.04538,-3.092
chief_complaint_smoke,1,783,3,3,0,3.299,1.624,-0.8413,-3.154,0.03564,-3.334,0.1289,-2.049,0.534,-0.627,0.2603,-1.346,0.04092,-3.195
chief_complaint_smoke,1,786,3,3,0,3.281,1.777,-0.7666,-3.041,0.03568,-3.334,0.10895,-2.217,0.5386,-0.6187,0.2717,-1.303,0.04565,-3.086
chief_complaint_smoke,1,788,3,3,0,3.188,1.653,-1.03,-3.037,0.03955,-3.23,0.1211,-2.111,0.576,-0.5513,0.2172,-1.527,0.04578,-3.084
chief_complaint_smoke,1,791,4,3,1,3.182,1.722,-0.7085,-2.932,0.03955,-3.23,0.1123,-2.188,0.5186,-0.6567,0.2793,-1.275,0.0506,-2.984
chief_complaint_smoke,1,794,2,3,1,3.229,1.726,-1.012,-3.094,0.03857,-3.256,0.1123,-2.188,0.5825,-0.5405,0.2233,-1.499,0.04337,-3.139
chief_complaint_smoke,1,796,5,3,2,3.15,1.683,-0.961,-2.812,0.04102,-3.193,0.1157,-2.156,0.5664,-0.5684,0.2202,-1.513,0.05664,-2.871
chief_complaint_smoke,1,798,3,3,0,3.28,1.6,-0.873,-3.201,0.03662,-3.307,0.1313,-2.03,0.537,-0.6216,0.2556,-1.364,0.03912,-3.24
chief_complaint_smoke,1,799,3,3,0,2.754,1.405,-0.845,-2.63,0.05957,-2.82,0.1372,-1.986,0.503,-0.6875,0.2334,-1.455,0.0672,-2.7
chief_complaint_smoke,1,801,3,3,0,3.352,1.688,-0.845,-3.223,0.03418,-3.377,0.1216,-2.107,0.544,-0.609,0.2622,-1.339,0.03833,-3.262
chief_complaint_smoke,1,803,3,3,0,3.422,1.645,-0.919,-3.06,0.03125,-3.465,0.1309,-2.033,0.5527,-0.593,0.2404,-1.426,0.04477,-3.105
chief_complaint_smoke,1,804,3,3,0,3.475,1.638,-0.761,-3.195,0.03027,-3.498,0.1323,-2.023,0.519,-0.656,0.279,-1.276,0.03934,-3.236
chief_complaint_smoke,1,806,4,3,1,3.281,1.592,-0.8896,-3.05,0.03564,-3.334,0.1333,-2.016,0.54,-0.616,0.2461,-1.402,0.0452,-3.098
chief_complaint_smoke,1,807,3,3,0,3.293,1.637,-0.7964,-3.08,0.03568,-3.334,0.1271,-2.062,0.527,-0.6406,0.267,-1.32,0.04395,-3.125
chief_complaint_smoke,1,808,3,3,0,3.396,1.821,-0.569,-3.086,0.03223,-3.436,0.1074,-2.23,0.4988,-0.696,0.3179,-1.146,0.0437,-3.13
chief_complaint_smoke,1,809,3,3,0,2.938,1.596,-0.779,-2.975,0.0503,-2.99,0.11865,-2.13,0.5166,-0.6606,0.2659,-1.325,0.04858,-3.025
chief_complaint_smoke,1,810,2,3,1,3.25,1.663,-0.91,-3.145,0.0376,-3.281,0.1216,-2.107,0.5537,-0.5913,0.2458,-1.403,0.04132,-3.186
chief_complaint_smoke,1,811,3,3,0,3.336,1.761,-0.4639,-3.158,0.03418,-3.377,0.1123,-2.188,0.4673,-0.7607,0.3455,-1.0625,0.04077,-3.2
chief_complaint_smoke,1,813,4,3,1,3.352,1.649,-0.865,-3.115,0.03418,-3.377,0.127,-2.064,0.5425,-0.612,0.254,-1.371,0.0425,-3.158
chief_complaint_smoke,1,814,4,3,1,3.246,1.644,-1.005,-3.09,0.0376,-3.281,0.1245,-2.084,0.5703,-0.5615,0.2242,-1.495,0.04355,-3.135
chief_complaint_smoke,1,815,3,3,0,3.076,1.569,-0.9478,-2.645,0.04395,-3.125,0.1284,-2.053,0.5483,-0.601,0.2129,-1.547,0.06635,-2.713
chief_complaint_smoke,1,818,4,3,1,3.455,1.703,-0.792,-3.191,0.03029,-3.496,0.1236,-2.09,0.5347,-0.626,0.2725,-1.3,0.03952,-3.23
chief_complaint_smoke,1,819,4,3,1,3.287,1.72,-0.4207,-2.883,0.03564,-3.334,0.1162,-2.152,0.452,-0.7944,0.3433,-1.069,0.053,-2.938
chief_complaint_smoke,1,822,3,3,0,3.246,1.624,-0.8066,-3.1,0.0376,-3.281,0.127,-2.064,0.527,-0.6406,0.2654,-1.326,0.04312,-3.145
chief_complaint_smoke,1,824,2,3,1,3.281,1.777,-0.7666,-3.041,0.03568,-3.334,0.10895,-2.217,0.5386,-0.6187,0.2717,-1.303,0.04565,-3.086
chief_complaint_smoke,1,825,3,3,0,2.764,1.337,-1.003,-2.805,0.0596,-2.82,0.1486,-1.907,0.524,-0.6465,0.2113,-1.555,0.05713,-2.863
chief_complaint_smoke,1,826,4,3,1,3.252,1.636,-0.6533,-2.95,0.0376,-3.281,0.126,-2.072,0.4941,-0.705,0.2925,-1.2295,0.04977,-3.0
chief_complaint_smoke,1,830,2,3,1,2.764,1.337,-1.003,-2.805,0.0596,-2.82,0.1486,-1.907,0.524,-0.6465,0.2113,-1.555,0.05713,-2.863
chief_complaint_smoke,1,832,3,3,0,3.096,1.514,-0.745,-2.807,0.04297,-3.146,0.1372,-1.986,0.498,-0.6973,0.265,-1.328,0.05698,-2.865
chief_complaint_smoke,1,834,3,3,0,3.281,1.777,-0.7666,-3.041,0.03568,-3.334,0.10895,-2.217,0.5386,-0.6187,0.2717,-1.303,0.04565,-3.086
chief_complaint_smoke,1,835,3,3,0,3.227,1.535,-0.921,-2.963,0.03857,-3.256,0.1392,-1.972,0.5376,-0.6206,0.2356,-1.445,0.0491,-3.014
chief_complaint_smoke,1,837,4,3,1,3.121,1.652,-0.758,-2.72,0.042,-3.17,0.11865,-2.13,0.5205,-0.653,0.2573,-1.357,0.06177,-2.785
chief_complaint_smoke,1,839,4,3,1,3.256,1.826,-0.6885,-2.879,0.03662,-3.307,0.10205,-2.283,0.527,-0.6406,0.2812,-1.269,0.0532,-2.934
chief_complaint_smoke,1,841,3,3,0,2.812,1.66,-1.001,-2.645,0.05713,-2.863,0.103,-2.273,0.5713,-0.56,0.2024,-1.598,0.06635,-2.713
chief_complaint_smoke,1,843,5,3,2,2.928,1.515,-0.491,-2.387,0.05078,-2.98,0.1294,-2.045,0.44,-0.8213,0.2957,-1.219,0.0842,-2.475
chief_complaint_smoke,1,844,3,3,0,3.26,1.579,-0.921,-3.008,0.03662,-3.307,0.1343,-2.008,0.5444,-0.608,0.2375,-1.4375,0.04706,-3.057
chief_complaint_smoke,1,846,3,3,0,3.355,1.707,-0.8184,-3.23,0.03418,-3.377,0.1196,-2.123,0.54,-0.616,0.268,-1.316,0.03802,-3.27
chief_complaint_smoke,1,847,3,3,0,3.213,1.755,-0.75,-2.92,0.03857,-3.256,0.1089,-2.217,0.5317,-0.632,0.2695,-1.312,0.05115,-2.973
chief_complaint_smoke,1,848,3,3,0,2.691,1.682,-0.611,-2.613,0.063,-2.766,0.09375,-2.367,0.4915,-0.7104,0.2834,-1.261,0.0683,-2.684
chief_complaint_smoke,1,849,5,3,2,3.33,1.751,-0.607,-2.977,0.03467,-3.361,0.1133,-2.178,0.4995,-0.6943,0.304,-1.19,0.0485,-3.025
chief_complaint_smoke,1,851,4,3,1,2.914,1.754,-0.8623,-2.885,0.05176,-2.96,0.0957,-2.346,0.5557,-0.5874,0.244,-1.41,0.0529,-2.94
chief_complaint_smoke,1,856,4,3,1,3.336,1.761,-0.4639,-3.158,0.03418,-3.377,0.1123,-2.188,0.4673,-0.7607,0.3455,-1.0625,0.04077,-3.2
chief_complaint_smoke,1,859,4,3,1,2.74,1.663,-0.8164,-3.035,0.06055,-2.805,0.09863,-2.316,0.534,-0.627,0.2607,-1.344,0.04587,-3.082
chief_complaint_smoke,1,861,3,3,0,3.346,1.781,-0.9424,-2.92,0.03418,-3.377,0.10986,-2.209,0.5757,-0.5522,0.2291,-1.474,0.05115,-2.973
chief_complaint_smoke,1,863,3,3,0,3.19,1.742,-0.982,-2.744,0.03955,-3.23,0.1094,-2.213,0.5786,-0.5474,0.2122,-1.551,0.06036,-2.807
chief_complaint_smoke,1,864,2,3,1,3.133,1.454,-1.04,-3.03,0.042,-3.17,0.1475,-1.914,0.55,-0.598,0.2148,-1.538,0.0461,-3.076
chief_complaint_smoke,1,865,3,3,0,3.223,1.66,-1.009,-3.076,0.03857,-3.256,0.1216,-2.107,0.5723,-0.558,0.2233,-1.499,0.0441,-3.121
chief_complaint_smoke,1,866,5,3,2,3.281,1.777,-0.7666,-3.041,0.03568,-3.334,0.10895,-2.217,0.5386,-0.6187,0.2717,-1.303,0.04565,-3.086
chief_complaint_smoke,1,867,2,3,1,3.111,1.718,-0.7715,-3.006,0.04297,-3.146,0.1094,-2.213,0.5312,-0.6323,0.269,-1.3125,0.04715,-3.055
chief_complaint_smoke,1,870,3,3,0,3.348,1.73,-0.863,-3.129,0.03418,-3.377,0.1167,-2.148,0.5522,-0.5938,0.255,-1.367,0.04193,-3.172
chief_complaint_smoke,1,872,4,3,1,3.223,1.542,-1.012,-3.096,0.03857,-3.256,0.1377,-1.982,0.557,-0.585,0.2234,-1.499,0.04327,-3.14
chief_complaint_smoke,1,874,3,3,0,3.354,1.678,-0.8574,-3.193,0.03418,-3.377,0.12305,-2.096,0.545,-0.607,0.2585,-1.353,0.0394,-3.234
chief_complaint_smoke,1,876,3,3,0,3.324,1.701,-1.01,-3.098,0.03467,-3.361,0.1196,-2.123,0.5786,-0.5474,0.2239,-1.497,0.0432,-3.143
chief_complaint_smoke,1,877,4,3,1,3.264,1.721,-0.4214,-3.08,0.03662,-3.307,0.11523,-2.16,0.452,-0.7944,0.3523,-1.043,0.0439,-3.125
chief_complaint_smoke,1,878,4,3,1,2.959,1.668,-0.332,-2.742,0.04932,-3.01,0.1094,-2.213,0.4236,-0.859,0.3572,-1.029,0.0605,-2.805
chief_complaint_smoke,1,880,3,3,0,3.393,1.677,-0.853,-3.166,0.03223,-3.436,0.1255,-2.076,0.5435,-0.61,0.2583,-1.354,0.04047,-3.207
chief_complaint_smoke,1,881,4,3,1,3.475,1.713,-0.5786,-3.326,0.03027,-3.498,0.12256,-2.1,0.4878,-0.718,0.3247,-1.125,0.0347,-3.361
chief_complaint_smoke,1,882,3,3,0,3.26,1.679,-0.8945,-3.297,0.03662,-3.307,0.1206,-2.115,0.5527,-0.593,0.2546,-1.368,0.03568,-3.334
chief_complaint_smoke,1,885,3,3,0,3.293,1.715,-0.785,-3.26,0.03564,-3.334,0.1167,-2.148,0.534,-0.627,0.2764,-1.286,0.037,-3.297
chief_complaint_smoke,1,888,4,3,1,3.383,1.723,-0.8555,-3.254,0.0332,-3.404,0.11865,-2.13,0.55,-0.598,0.2612,-1.343,0.0372,-3.291
chief_complaint_smoke,1,890,3,3,0,3.158,1.612,-1.012,-3.09,0.04102,-3.193,0.125,-2.08,0.5674,-0.567,0.223,-1.5,0.04355,-3.135
chief_complaint_smoke,1,891,3,3,0,2.855,1.542,-1.018,-2.809,0.0547,-2.906,0.1216,-2.107,0.558,-0.583,0.2087,-1.566,0.05682,-2.867
chief_complaint_smoke,1,892,2,3,1,3.268,1.547,-0.965,-3.12,0.03662,-3.307,0.1387,-1.976,0.549,-0.6,0.2335,-1.454,0.04233,-3.162
chief_complaint_smoke,1,893,3,3,0,3.25,1.663,-0.91,-3.145,0.0376,-3.281,0.1216,-2.107,0.5537,-0.5913,0.2458,-1.403,0.04132,-3.186
chief_complaint_smoke,1,894,5,3,2,3.223,1.621,-1.029,-2.963,0.03857,-3.256,0.126,-2.072,0.5723,-0.558,0.2141,-1.541,0.0491,-3.014
chief_complaint_smoke,1,895,2,3,1,3.168,1.681,-0.623,-2.814,0.04053,-3.205,0.1167,-2.148,0.4934,-0.7065,0.2927,-1.229,0.05655,-2.873
chief_complaint_smoke,1,896,3,3,0,3.396,1.712,-0.8135,-3.277,0.03223,-3.436,0.1206,-2.115,0.54,-0.616,0.2708,-1.307,0.03638,-3.314
chief_complaint_smoke,1,897,2,3,1,3.234,1.644,-0.9194,-3.232,0.0376,-3.281,0.1245,-2.084,0.5527,-0.593,0.2472,-1.397,0.03796,-3.271
chief_complaint_smoke,1,898,3,3,0,3.33,1.7,-0.909,-3.186,0.03467,-3.361,0.1196,-2.123,0.5586,-0.5825,0.2474,-1.396,0.0397,-3.227
chief_complaint_smoke,1,899,2,3,1,2.637,1.589,-0.603,-2.6,0.0664,-2.713,0.103,-2.273,0.477,-0.74,0.2844,-1.257,0.06915,-2.672
chief_complaint_smoke,1,900,3,3,0,2.99,1.36,-0.7446,-2.78,0.04736,-3.05,0.1572,-1.85,0.4734,-0.748,0.2637,-1.333,0.05844,-2.84
chief_complaint_smoke,1,902,4,3,1,3.164,1.721,-0.7295,-2.836,0.04053,-3.205,0.1113,-2.195,0.523,-0.6484,0.2698,-1.311,0.05542,-2.893
chief_complaint_smoke,1,907,4,3,1,2.389,1.484,-0.551,-2.441,0.084,-2.477,0.1006,-2.297,0.4497,-0.7993,0.2856,-1.253,0.0801,-2.525
chief_complaint_smoke,1,909,4,3,1,3.281,1.756,-0.691,-3.092,0.03564,-3.334,0.1118,-2.191,0.5186,-0.6567,0.2903,-1.237,0.04346,-3.137
chief_complaint_smoke,1,910,2,3,1,2.947,1.443,-1.015,-3.01,0.0503,-2.99,0.1406,-1.962,0.543,-0.611,0.2191,-1.519,0.047,-3.059
chief_complaint_smoke,1,911,3,3,0,3.389,1.718,-0.8984,-3.186,0.0332,-3.404,0.11914,-2.127,0.558,-0.583,0.2499,-1.387,0.0397,-3.227
chief_complaint_smoke,1,912,3,3,0,2.764,1.337,-1.003,-2.805,0.0596,-2.82,0.1486,-1.907,0.524,-0.6465,0.2113,-1.555,0.05713,-2.863
chief_complaint_smoke,1,915,3,3,0,3.299,1.576,-1.035,-2.998,0.03564,-3.334,0.1357,-1.997,0.5664,-0.5684,0.2145,-1.539,0.04752,-3.047
chief_complaint_smoke,1,917,3,3,0,3.354,1.759,-0.4749,-3.174,0.03418,-3.377,0.1123,-2.188,0.47,-0.755,0.3433,-1.069,0.04016,-3.215
chief_complaint_smoke,1,918,3,3,0,3.154,1.675,-0.7563,-3.104,0.04102,-3.193,0.1167,-2.148,0.523,-0.6484,0.2764,-1.286,0.04294,-3.148
chief_complaint_smoke,1,919,2,3,1,2.947,1.554,-0.983,-2.9,0.0503,-2.99,0.124,-2.088,0.553,-0.592,0.2203,-1.513,0.05212,-2.955
chief_complaint_smoke,1,925,4,3,1,3.232,1.724,-0.699,-2.91,0.0376,-3.281,0.11426,-2.17,0.516,-0.6616,0.2803,-1.272,0.05167,-2.963
chief_complaint_smoke,1,927,4,3,1,3.336,1.762,-0.5366,-3.137,0.03418,-3.377,0.1123,-2.188,0.4846,-0.7246,0.3271,-1.117,0.04163,-3.18
chief_complaint_smoke,1,929,4,3,1,2.94,1.567,-0.72,-3.12,0.0503,-2.99,0.12256,-2.1,0.4998,-0.694,0.2852,-1.255,0.04233,-3.162
chief_complaint_smoke,1,931,2,3,1,3.256,1.702,-0.891,-3.152,0.03662,-3.307,0.1177,-2.14,0.5547,-0.5894,0.25,-1.387,0.041,-3.195
chief_complaint_smoke,1,932,3,3,0,3.238,1.72,-0.596,-2.98,0.0376,-3.281,0.11426,-2.17,0.4932,-0.707,0.3066,-1.182,0.0483,-3.03
chief_complaint_smoke,1,934,3,3,0,3.377,1.79,-0.595,-3.207,0.0332,-3.404,0.10986,-2.209,0.5015,-0.6904,0.3167,-1.15,0.0389,-3.246
chief_complaint_smoke,1,936,4,3,1,3.174,1.457,-0.728,-2.93,0.04053,-3.205,0.148,-1.911,0.4858,-0.7217,0.275,-1.291,0.05072,-2.98
chief_complaint_smoke,1,937,3,3,0,3.164,1.542,-0.9727,-3.164,0.04053,-3.205,0.1357,-1.997,0.5493,-0.599,0.2339,-1.453,0.04053,-3.205
chief_complaint_smoke,1,939,4,3,1,3.354,1.51,-0.771,-3.023,0.03418,-3.377,0.1465,-1.921,0.503,-0.6875,0.2698,-1.311,0.0464,-3.07
chief_complaint_smoke,1,940,4,3,1,3.238,1.72,-0.596,-2.98,0.0376,-3.281,0.11426,-2.17,0.4932,-0.707,0.3066,-1.182,0.0483,-3.03
chief_complaint_smoke,1,941,4,3,1,3.34,1.665,-0.8647,-3.256,0.03418,-3.377,0.125,-2.08,0.5444,-0.608,0.2593,-1.35,0.0371,-3.293
chief_complaint_smoke,1,942,2,3,1,3.305,1.71,-0.683,-3.262,0.03564,-3.334,0.1172,-2.145,0.5117,-0.67,0.2986,-1.209,0.0369,-3.299
chief_complaint_smoke,1,943,3,3,0,2.992,1.6,-0.9062,-3.016,0.0474,-3.049,0.12067,-2.115,0.5444,-0.608,0.2412,-1.422,0.04675,-3.062
chief_complaint_smoke,1,945,2,3,1,3.203,1.61,-0.751,-2.885,0.03955,-3.23,0.1274,-2.06,0.5127,-0.668,0.2676,-1.318,0.0529,-2.94
chief_complaint_smoke,1,946,3,3,0,3.371,1.562,-0.914,-3.088,0.0332,-3.404,0.1401,-1.965,0.5405,-0.615,0.2426,-1.417,0.0436,-3.133
chief_complaint_smoke,1,947,3,3,0,3.336,1.566,-0.8726,-3.078,0.03418,-3.377,0.1387,-1.976,0.532,-0.631,0.2507,-1.384,0.044,-3.123
chief_complaint_smoke,1,951,3,3,0,3.018,1.608,-0.858,-3.014,0.0464,-3.07,0.1206,-2.115,0.535,-0.625,0.251,-1.383,0.0468,-3.062
chief_complaint_smoke,1,954,2,3,1,3.168,1.566,-1.009,-3.064,0.04053,-3.205,0.1323,-2.023,0.5596,-0.5806,0.2228,-1.502,0.0446,-3.11
chief_complaint_smoke,1,955,3,3,0,3.19,1.742,-0.982,-2.744,0.03955,-3.23,0.1094,-2.213,0.5786,-0.5474,0.2122,-1.551,0.06036,-2.807
chief_complaint_smoke,1,962,4,3,1,3.436,1.774,-0.787,-3.166,0.03128,-3.465,0.11383,-2.174,0.5425,-0.612,0.2725,-1.3,0.0405,-3.207
chief_complaint_smoke,1,965,4,3,1,3.287,1.72,-0.4207,-2.883,0.03564,-3.334,0.1162,-2.152,0.452,-0.7944,0.3433,-1.069,0.053,-2.938
chief_complaint_smoke,1,967,3,3,0,3.232,1.535,-1.076,-3.156,0.0376,-3.281,0.1401,-1.965,0.5684,-0.565,0.2134,-1.545,0.04083,-3.2
chief_complaint_smoke,1,968,3,3,0,3.111,1.718,-0.7715,-3.006,0.04297,-3.146,0.1094,-2.213,0.5312,-0.6323,0.269,-1.3125,0.04715,-3.055
chief_complaint_smoke,1,970,3,3,0,2.963,1.459,-0.644,-3.094,0.04932,-3.01,0.1392,-1.972,0.4673,-0.7607,0.3008,-1.201,0.04337,-3.139
chief_complaint_smoke,1,972,3,3,0,3.283,1.658,-0.982,-3.152,0.03564,-3.334,0.1245,-2.084,0.5674,-0.567,0.2314,-1.464,0.041,-3.195
chief_complaint_smoke,1,973,2,3,1,1.863,1.106,-0.679,-2.746,0.1343,-2.008,0.11426,-2.17,0.415,-0.8794,0.2761,-1.287,0.06033,-2.809
chief_complaint_smoke,1,974,3,3,0,2.766,1.491,-0.67,-2.703,0.0586,-2.838,0.125,-2.08,0.4778,-0.739,0.276,-1.288,0.0628,-2.768
chief_complaint_smoke,1,977,2,3,1,3.277,1.68,-0.725,-3.293,0.03662,-3.307,0.1206,-2.115,0.5166,-0.6606,0.2905,-1.236,0.03583,-3.328
chief_complaint_smoke,1,981,2,3,1,2.98,1.685,-0.881,-3.117,0.04834,-3.03,0.1084,-2.223,0.5503,-0.597,0.2505,-1.385,0.04242,-3.16
chief_complaint_smoke,1,982,4,3,1,3.295,1.617,-0.797,-3.072,0.03564,-3.334,0.1299,-2.041,0.5234,-0.6475,0.2666,-1.322,0.04425,-3.117
chief_complaint_smoke,1,983,2,3,1,3.316,1.721,-0.971,-3.018,0.03467,-3.361,0.1172,-2.145,0.573,-0.5566,0.228,-1.479,0.04666,-3.064
chief_complaint_smoke,1,984,3,3,0,3.475,1.772,-0.4841,-3.266,0.03027,-3.498,0.11475,-2.164,0.4736,-0.7476,0.3445,-1.065,0.03677,-3.303
chief_complaint_smoke,1,985,2,3,1,3.297,1.643,-0.908,-2.951,0.03564,-3.334,0.1265,-2.068,0.551,-0.596,0.2377,-1.437,0.04968,-3.002
chief_complaint_smoke,1,986,3,3,0,3.408,1.685,-0.846,-3.164,0.03223,-3.436,0.1245,-2.084,0.543,-0.611,0.2598,-1.348,0.04053,-3.205
chief_complaint_smoke,1,987,1,3,2,3.123,1.634,-0.841,-3.121,0.042,-3.17,0.1216,-2.107,0.535,-0.625,0.259,-1.351,0.04224,-3.164
chief_complaint_smoke,1,988,3,3,0,3.258,1.528,-0.881,-3.012,0.03662,-3.307,0.1416,-1.955,0.529,-0.637,0.2461,-1.402,0.04688,-3.06
chief_complaint_smoke,1,990,2,3,1,3.256,1.702,-0.891,-3.152,0.03662,-3.307,0.1177,-2.14,0.5547,-0.5894,0.25,-1.387,0.041,-3.195
chief_complaint_smoke,1,992,4,3,1,2.312,1.377,-0.6704,-2.357,0.08984,-2.41,0.1113,-2.195,0.4604,-0.7754,0.252,-1.379,0.0865,-2.447
chief_complaint_smoke,1,993,3,3,0,3.297,1.784,-0.7764,-2.889,0.03564,-3.334,0.1084,-2.223,0.541,-0.6143,0.2625,-1.338,0.0527,-2.943
chief_complaint_smoke,1,994,2,3,1,3.305,1.746,-0.4204,-3.084,0.03564,-3.334,0.1133,-2.178,0.4548,-0.7876,0.3525,-1.043,0.04376,-3.129
chief_complaint_smoke,1,1000,3,3,0,3.197,1.595,-0.8965,-3.117,0.03958,-3.229,0.1295,-2.045,0.5415,-0.6133,0.2474,-1.396,0.04245,-3.16
chief_complaint_smoke,1,1001,4,3,1,3.227,1.663,-0.6504,-2.955,0.03857,-3.256,0.1206,-2.115,0.4978,-0.6978,0.2935,-1.226,0.0495,-3.006
chief_complaint_smoke,1,1003,4,3,1,2.691,1.682,-0.611,-2.613,0.063,-2.766,0.09375,-2.367,0.4915,-0.7104,0.2834,-1.261,0.0683,-2.684
chief_complaint_smoke,1,1006,4,3,1,3.264,1.606,-1.004,-3.09,0.03665,-3.307,0.1305,-2.037,0.565,-0.571,0.2249,-1.492,0.04358,-3.133
chief_complaint_smoke,1,1007,4,3,1,3.193,1.707,-0.7773,-3.049,0.03955,-3.23,0.11426,-2.17,0.5312,-0.6323,0.2698,-1.311,0.04526,-3.096
chief_complaint_smoke,1,1008,4,3,1,2.934,1.56,-0.748,-2.408,0.0503,-2.99,0.12305,-2.096,0.5054,-0.6826,0.2388,-1.433,0.0825,-2.494
chief_complaint_smoke,1,1013,5,3,2,3.338,1.681,-0.905,-3.074,0.03418,-3.377,0.12305,-2.096,0.5547,-0.5894,0.2439,-1.411,0.04416,-3.12
chief_complaint_smoke,1,1015,3,3,0,3.254,1.587,-0.8945,-3.096,0.0376,-3.281,0.1328,-2.02,0.539,-0.618,0.2471,-1.398,0.04327,-3.14
chief_complaint_smoke,1,1016,2,3,1,3.287,1.643,-0.8975,-3.152,0.03564,-3.334,0.1265,-2.068,0.5483,-0.601,0.2485,-1.393,0.041,-3.195
chief_complaint_smoke,1,1018,3,3,0,3.434,1.691,-0.7295,-3.266,0.03125,-3.465,0.1245,-2.084,0.519,-0.656,0.2883,-1.243,0.03677,-3.303
chief_complaint_smoke,1,1020,4,3,1,3.32,1.541,-0.4695,-2.932,0.03467,-3.361,0.1416,-1.955,0.439,-0.823,0.3342,-1.096,0.0506,-2.984
chief_complaint_smoke,1,1026,2,3,1,3.256,1.702,-0.891,-3.152,0.03662,-3.307,0.1177,-2.14,0.5547,-0.5894,0.25,-1.387,0.041,-3.195
chief_complaint_smoke,1,1029,2,3,1,3.326,1.664,-0.935,-3.225,0.0347,-3.361,0.1246,-2.082,0.559,-0.5815,0.2438,-1.411,0.0383,-3.262
chief_complaint_smoke,1,1030,3,3,0,3.398,1.738,-0.581,-3.26,0.03223,-3.436,0.1172,-2.145,0.492,-0.7095,0.3218,-1.134,0.037,-3.297
chief_complaint_smoke,1,1031,4,3,1,3.4,1.739,-0.4563,-3.182,0.03223,-3.436,0.1172,-2.145,0.4626,-0.771,0.3481,-1.055,0.03986,-3.223
chief_complaint_smoke,1,1033,3,3,0,3.336,1.762,-0.5366,-3.137,0.03418,-3.377,0.1123,-2.188,0.4846,-0.7246,0.3271,-1.117,0.04163,-3.18
chief_complaint_smoke,1,1038,4,3,1,3.305,1.746,-0.4204,-3.084,0.03564,-3.334,0.1133,-2.178,0.4548,-0.7876,0.3525,-1.043,0.04376,-3.129
chief_complaint_smoke,1,1039,3,3,0,2.143,1.274,-0.4453,-2.32,0.105,-2.254,0.1133,-2.178,0.391,-0.939,0.3013,-1.2,0.0895,-2.414
chief_complaint_smoke,1,1042,4,3,1,2.479,1.412,-0.717,-2.51,0.07764,-2.557,0.11865,-2.13,0.4758,-0.7427,0.2527,-1.376,0.07513,-2.588
chief_complaint_smoke,1,1043,3,3,0,3.19,1.61,-0.8853,-3.162,0.03955,-3.23,0.1274,-2.06,0.541,-0.6143,0.2515,-1.381,0.04062,-3.203
chief_complaint_smoke,1,1044,3,3,0,3.242,1.737,-0.9233,-3.066,0.0376,-3.281,0.1118,-2.191,0.5664,-0.5684,0.2397,-1.428,0.0445,-3.113
chief_complaint_smoke,1,1046,3,3,0,3.35,1.6875,-0.913,-3.205,0.03418,-3.377,0.1216,-2.107,0.5576,-0.584,0.2474,-1.396,0.03897,-3.244
chief_complaint_smoke,1,1049,2,3,1,3.04,1.563,-0.8984,-2.906,0.0459,-3.082,0.127,-2.064,0.5376,-0.6206,0.2377,-1.437,0.05185,-2.959
chief_complaint_smoke,1,1050,2,3,1,3.174,1.534,-1.033,-2.969,0.04053,-3.205,0.1372,-1.986,0.5596,-0.5806,0.2136,-1.544,0.04886,-3.02
chief_complaint_smoke,1,1052,3,3,0,3.34,1.746,-0.725,-3.117,0.0342,-3.375,0.1148,-2.164,0.525,-0.6445,0.2842,-1.258,0.04245,-3.16
chief_complaint_smoke,1,1053,1,3,2,3.32,1.53,-0.98,-3.145,0.03467,-3.361,0.1436,-1.941,0.549,-0.6,0.2317,-1.462,0.04132,-3.186
chief_complaint_smoke,1,1056,2,3,1,3.172,1.723,-0.6655,-2.943,0.04053,-3.205,0.1113,-2.195,0.509,-0.676,0.2896,-1.239,0.05005,-2.994
chief_complaint_smoke,1,1057,3,3,0,2.787,1.477,-0.6245,-2.61,0.0581,-2.846,0.1279,-2.057,0.465,-0.7656,0.2803,-1.272,0.06854,-2.68
chief_complaint_smoke,1,1059,3,3,0,3.281,1.777,-0.7666,-3.041,0.03568,-3.334,0.10895,-2.217,0.5386,-0.6187,0.2717,-1.303,0.04565,-3.086
chief_complaint_smoke,1,1061,4,3,1,3.287,1.72,-0.4207,-2.883,0.03564,-3.334,0.1162,-2.152,0.452,-0.7944,0.3433,-1.069,0.053,-2.938
chief_complaint_smoke,1,1062,4,3,1,3.39,1.682,-0.8433,-3.193,0.03223,-3.436,0.1245,-2.084,0.5425,-0.612,0.2615,-1.342,0.0394,-3.234
chief_complaint_smoke,1,1065,3,3,0,3.275,1.611,-0.9805,-3.0,0.03662,-3.307,0.1294,-2.045,0.5615,-0.577,0.2252,-1.49,0.04745,-3.049
chief_complaint_smoke,1,1066,3,3,0,3.402,1.662,-0.82,-2.955,0.03223,-3.436,0.127,-2.064,0.535,-0.625,0.2563,-1.361,0.0495,-3.006
chief_complaint_smoke,1,1069,5,3,2,3.377,1.751,-0.4436,-3.15,0.0332,-3.404,0.11475,-2.164,0.4612,-0.774,0.3499,-1.05,0.04108,-3.191
chief_complaint_smoke,1,1072,3,3,0,3.336,1.759,-0.801,-3.111,0.03418,-3.377,0.1123,-2.188,0.544,-0.609,0.267,-1.32,0.04263,-3.154
chief_complaint_smoke,1,1073,4,3,1,3.334,1.704,-0.4739,-3.164,0.03418,-3.377,0.1196,-2.123,0.4624,-0.7715,0.3433,-1.069,0.04053,-3.205
chief_complaint_smoke,1,1074,3,3,0,3.316,1.678,-0.788,-3.115,0.03467,-3.361,0.12256,-2.1,0.5303,-0.6343,0.27,-1.31,0.0425,-3.158
chief_complaint_smoke,1,1075,4,3,1,2.691,1.682,-0.611,-2.613,0.063,-2.766,0.09375,-2.367,0.4915,-0.7104,0.2834,-1.261,0.0683,-2.684
chief_complaint_smoke,1,1076,2,3,1,2.938,1.596,-0.779,-2.975,0.0503,-2.99,0.11865,-2.13,0.5166,-0.6606,0.2659,-1.325,0.04858,-3.025
chief_complaint_smoke,1,1078,3,3,0,2.963,1.459,-0.644,-3.094,0.04932,-3.01,0.1392,-1.972,0.4673,-0.7607,0.3008,-1.201,0.04337,-3.139
chief_complaint_smoke,1,1079,4,3,1,3.357,1.627,-0.785,-3.197,0.0342,-3.375,0.13,-2.041,0.523,-0.6484,0.2742,-1.294,0.0393,-3.236
chief_complaint_smoke,1,1080,2,3,1,3.227,1.575,-0.9995,-3.139,0.03857,-3.256,0.1328,-2.02,0.5596,-0.5806,0.2275,-1.48,0.04153,-3.182
chief_complaint_smoke,1,1081,4,3,1,3.12,1.729,-0.743,-2.924,0.042,-3.17,0.1089,-2.217,0.527,-0.6406,0.2712,-1.305,0.051,-2.977
chief_complaint_smoke,1,1083,4,3,1,3.09,1.835,-0.5464,-2.777,0.04395,-3.125,0.09424,-2.361,0.495,-0.703,0.308,-1.178,0.05856,-2.838
chief_complaint_smoke,1,1085,2,3,1,3.418,1.656,-0.876,-3.04,0.03223,-3.436,0.1279,-2.057,0.546,-0.6055,0.2485,-1.393,0.0457,-3.086
chief_complaint_smoke,1,1090,3,3,0,3.254,1.586,-1.023,-3.01,0.0376,-3.281,0.1328,-2.02,0.5654,-0.5703,0.2174,-1.526,0.047,-3.059
chief_complaint_smoke,1,1091,1,3,2,3.096,1.614,-0.8574,-2.701,0.04297,-3.146,0.12305,-2.096,0.536,-0.6235,0.2349,-1.449,0.0629,-2.766
chief_complaint_smoke,1,1093,3,3,0,3.25,1.548,-0.9824,-3.084,0.0376,-3.281,0.1377,-1.982,0.5522,-0.5938,0.2288,-1.475,0.04376,-3.129
chief_complaint_smoke,1,1099,3,3,0,3.252,1.468,-1.078,-3.031,0.0376,-3.281,0.1499,-1.897,0.5586,-0.5825,0.2079,-1.57,0.04605,-3.078
chief_complaint_smoke,1,1102,3,3,0,3.111,1.718,-0.7715,-3.006,0.04297,-3.146,0.1094,-2.213,0.5312,-0.6323,0.269,-1.3125,0.04715,-3.055
chief_complaint_smoke,1,1103,3,3,0,3.436,1.761,-0.604,-3.17,0.03125,-3.465,0.11523,-2.16,0.5,-0.6934,0.3132,-1.161,0.0403,-3.21
chief_complaint_smoke,1,1105,3,3,0,3.248,1.514,-0.877,-2.986,0.0376,-3.281,0.1426,-1.948,0.5264,-0.6416,0.2456,-1.404,0.04803,-3.035
chief_complaint_smoke,1,1108,3,3,0,2.938,1.612,-0.8745,-2.936,0.0503,-2.99,0.1157,-2.156,0.54,-0.616,0.2438,-1.411,0.05045,-2.986
chief_complaint_smoke,1,1111,3,3,0,3.084,1.681,-0.891,-2.84,0.04395,-3.125,0.1133,-2.178,0.552,-0.5947,0.2358,-1.444,0.0552,-2.896
chief_complaint_smoke,1,1113,2,3,1,3.312,1.608,-0.909,-3.057,0.03467,-3.361,0.1323,-2.023,0.546,-0.6055,0.2422,-1.418,0.04495,-3.102
chief_complaint_smoke,1,1114,4,3,1,2.943,1.337,-1.024,-2.906,0.0503,-2.99,0.1577,-1.847,0.528,-0.639,0.2123,-1.55,0.05185,-2.959
chief_complaint_smoke,1,1115,4,3,1,3.291,1.66,-0.7603,-3.203,0.03564,-3.334,0.1245,-2.084,0.5215,-0.651,0.2795,-1.274,0.03906,-3.242
chief_complaint_smoke,1,1117,4,3,1,3.328,1.713,-0.7104,-3.121,0.03467,-3.361,0.11816,-2.135,0.5176,-0.6587,0.2874,-1.247,0.04224,-3.164
chief_complaint_smoke,1,1118,4,3,1,3.395,1.589,-0.9287,-3.137,0.03223,-3.436,0.1372,-1.986,0.5474,-0.6025,0.2416,-1.421,0.04163,-3.18
chief_complaint_smoke,1,1119,3,3,0,3.49,1.776,-0.5713,-3.246,0.0293,-3.531,0.11523,-2.16,0.4944,-0.7046,0.3237,-1.128,0.03748,-3.283
chief_complaint_smoke,1,1120,3,3,0,3.314,1.705,-0.7476,-3.104,0.03467,-3.361,0.11914,-2.127,0.525,-0.6445,0.2783,-1.279,0.04294,-3.148
chief_complaint_smoke,1,1122,3,3,0,3.098,1.6045,-0.65,-2.764,0.04297,-3.146,0.1245,-2.084,0.4893,-0.715,0.284,-1.259,0.05933,-2.824
chief_complaint_smoke,1,1123,2,3,1,2.938,1.596,-0.779,-2.975,0.0503,-2.99,0.11865,-2.13,0.5166,-0.6606,0.2659,-1.325,0.04858,-3.025
chief_complaint_smoke,1,1124,3,3,0,3.197,1.545,-0.79,-3.033,0.03955,-3.23,0.1357,-1.997,0.5127,-0.668,0.2664,-1.323,0.04593,-3.08
chief_complaint_smoke,1,1125,3,3,0,3.203,1.588,-1.011,-3.023,0.03955,-3.23,0.1299,-2.041,0.5635,-0.5737,0.2205,-1.512,0.0464,-3.07
chief_complaint_smoke,1,1131,3,3,0,3.404,1.799,-0.536,-3.139,0.03223,-3.436,0.11035,-2.203,0.4883,-0.717,0.3276,-1.116,0.04153,-3.182
chief_complaint_smoke,1,1137,3,3,0,3.479,1.719,-0.787,-3.203,0.03027,-3.498,0.1221,-2.104,0.535,-0.625,0.2737,-1.296,0.03906,-3.242
chief_complaint_smoke,1,1142,3,3,0,2.766,1.491,-0.67,-2.703,0.0586,-2.838,0.125,-2.08,0.4778,-0.739,0.276,-1.288,0.0628,-2.768
chief_complaint_smoke,1,1147,3,3,0,3.127,1.537,-0.702,-2.975,0.042,-3.17,0.1348,-2.004,0.492,-0.7095,0.2827,-1.264,0.04858,-3.025
chief_complaint_smoke,1,1150,3,3,0,3.314,1.611,-0.846,-3.086,0.03467,-3.361,0.1313,-2.03,0.5337,-0.628,0.2566,-1.36,0.0437,-3.13
chief_complaint_smoke,1,1156,3,3,0,3.24,1.569,-0.8643,-3.129,0.0376,-3.281,0.1348,-2.004,0.5312,-0.6323,0.2544,-1.369,0.04193,-3.172
chief_complaint_smoke,1,1157,1,3,2,3.357,1.707,-0.8696,-3.074,0.0342,-3.375,0.1197,-2.123,0.5513,-0.5957,0.2512,-1.382,0.0442,-3.12
chief_complaint_smoke,1,1158,3,3,0,3.365,1.693,-0.907,-3.066,0.0332,-3.404,0.1221,-2.104,0.557,-0.585,0.2432,-1.414,0.0445,-3.113
chief_complaint_smoke,1,1161,3,3,0,3.395,1.715,-0.766,-3.188,0.03223,-3.436,0.1201,-2.12,0.5303,-0.6343,0.2776,-1.281,0.03964,-3.229
chief_complaint_smoke,1,1162,3,3,0,3.447,1.78,-0.5576,-3.273,0.03125,-3.465,0.1133,-2.178,0.4912,-0.711,0.3276,-1.116,0.0365,-3.31
chief_complaint_smoke,1,1164,2,3,1,3.475,1.71,-0.6743,-3.32,0.03027,-3.498,0.12256,-2.1,0.51,-0.674,0.3025,-1.195,0.03488,-3.355
chief_complaint_smoke,1,1165,4,3,1,3.334,1.704,-0.4739,-3.164,0.03418,-3.377,0.1196,-2.123,0.4624,-0.7715,0.3433,-1.069,0.04053,-3.205
chief_complaint_smoke,1,1166,4,3,1,3.238,1.72,-0.596,-2.98,0.0376,-3.281,0.11426,-2.17,0.4932,-0.707,0.3066,-1.182,0.0483,-3.03
chief_complaint_smoke,1,1167,3,3,0,3.209,1.695,-0.74,-2.896,0.03857,-3.256,0.1167,-2.148,0.5215,-0.651,0.2708,-1.307,0.05234,-2.95
chief_complaint_smoke,1,1170,2,3,1,3.305,1.688,-0.971,-3.217,0.03568,-3.334,0.1202,-2.12,0.57,-0.5625,0.2362,-1.443,0.03857,-3.256
chief_complaint_smoke,1,1172,3,3,0,3.158,1.617,-0.861,-2.783,0.04102,-3.193,0.1245,-2.084,0.537,-0.6216,0.2389,-1.432,0.05823,-2.844
chief_complaint_smoke,1,1173,4,3,1,3.414,1.587,-0.7954,-3.146,0.03223,-3.436,0.1382,-1.9795,0.5186,-0.6567,0.2698,-1.311,0.04123,-3.19
chief_complaint_smoke,1,1174,3,3,0,3.354,1.646,-0.8496,-3.193,0.03418,-3.377,0.127,-2.064,0.539,-0.618,0.2603,-1.346,0.0394,-3.234
chief_complaint_smoke,1,1175,3,3,0,2.94,1.674,-0.5586,-2.854,0.0503,-2.99,0.1074,-2.23,0.4783,-0.738,0.3096,-1.173,0.0545,-2.91
chief_complaint_smoke,1,1176,3,3,0,3.45,1.832,-0.536,-3.14,0.03125,-3.465,0.10693,-2.236,0.4927,-0.708,0.3276,-1.116,0.04144,-3.184
chief_complaint_smoke,1,1177,4,3,1,2.303,1.506,-0.5854,-2.426,0.0908,-2.398,0.0908,-2.398,0.461,-0.7744,0.2761,-1.287,0.08124,-2.51
chief_complaint_smoke,1,1179,4,3,1,3.197,1.668,-0.8604,-3.021,0.03955,-3.23,0.11914,-2.127,0.544,-0.609,0.251,-1.383,0.04648,-3.068
chief_complaint_smoke,1,1180,3,3,0,3.404,1.799,-0.536,-3.139,0.03223,-3.436,0.11035,-2.203,0.4883,-0.717,0.3276,-1.116,0.04153,-3.182
chief_complaint_smoke,1,1181,4,3,1,3.195,1.638,-0.8716,-2.996,0.03955,-3.23,0.12305,-2.096,0.5425,-0.612,0.2473,-1.397,0.0476,-3.045
chief_complaint_smoke,1,1182,4,3,1,3.043,1.674,-0.6816,-2.793,0.0459,-3.082,0.1118,-2.191,0.5063,-0.6807,0.2783,-1.279,0.0577,-2.852
chief_complaint_smoke,1,1183,3,3,0,3.154,1.675,-0.7563,-3.104,0.04102,-3.193,0.1167,-2.148,0.523,-0.6484,0.2764,-1.286,0.04294,-3.148
chief_complaint_smoke,1,1184,5,3,2,3.445,1.762,-0.728,-3.27,0.03125,-3.465,0.11523,-2.16,0.528,-0.639,0.289,-1.241,0.03662,-3.307
chief_complaint_smoke,1,1188,3,3,0,3.277,1.598,-0.9204,-3.22,0.03662,-3.307,0.1313,-2.03,0.547,-0.6035,0.2466,-1.4,0.0384,-3.26
chief_complaint_smoke,1,1189,4,3,1,3.17,1.691,-0.674,-2.797,0.04053,-3.205,0.11523,-2.16,0.507,-0.6797,0.2803,-1.272,0.0575,-2.855
chief_complaint_smoke,1,1197,4,3,1,3.215,1.572,-0.826,-3.312,0.03857,-3.256,0.1328,-2.02,0.5244,-0.6455,0.2693,-1.312,0.03516,-3.348
chief_complaint_smoke,1,1198,4,3,1,2.941,1.535,-0.821,-2.484,0.0503,-2.99,0.1274,-2.06,0.5166,-0.6606,0.2288,-1.475,0.07697,-2.564
chief_complaint_smoke,1,1200,2,3,1,3.266,1.69,-0.834,-3.004,0.03662,-3.307,0.11914,-2.127,0.5415,-0.6133,0.2554,-1.365,0.04724,-3.053
chief_complaint_smoke,1,1201,2,3,1,3.1,1.604,-1.005,-2.885,0.04297,-3.146,0.1245,-2.084,0.5645,-0.572,0.215,-1.537,0.0529,-2.94
chief_complaint_smoke,1,1205,3,3,0,3.35,1.554,-0.843,-3.105,0.0342,-3.375,0.1403,-1.964,0.525,-0.6445,0.2583,-1.354,0.04294,-3.148
chief_complaint_smoke,1,1208,4,3,1,3.295,1.604,-0.911,-3.215,0.03564,-3.334,0.1318,-2.025,0.546,-0.6055,0.2483,-1.394,0.0386,-3.254
chief_complaint_smoke,1,1210,3,3,0,3.414,1.705,-0.776,-3.082,0.03223,-3.436,0.1216,-2.107,0.5312,-0.6323,0.2712,-1.305,0.04385,-3.127
chief_complaint_smoke,1,1211,3,3,0,3.389,1.77,-0.841,-3.195,0.0332,-3.404,0.1118,-2.191,0.5537,-0.5913,0.262,-1.34,0.03934,-3.236
chief_complaint_smoke,1,1213,3,3,0,3.336,1.732,-0.9175,-2.99,0.03418,-3.377,0.1162,-2.152,0.5645,-0.572,0.2375,-1.4375,0.04788,-3.04
chief_complaint_smoke,1,1215,4,3,1,3.217,1.605,-0.9683,-3.164,0.03857,-3.256,0.1289,-2.049,0.557,-0.585,0.2349,-1.449,0.04053,-3.205
chief_complaint_smoke,1,1216,5,3,2,3.336,1.762,-0.5366,-3.137,0.03418,-3.377,0.1123,-2.188,0.4846,-0.7246,0.3271,-1.117,0.04163,-3.18
chief_complaint_smoke,1,1218,3,3,0,3.32,1.776,-0.851,-3.082,0.03467,-3.361,0.10986,-2.209,0.556,-0.587,0.2554,-1.365,0.04385,-3.127
chief_complaint_smoke,1,1224,3,3,0,3.117,1.424,-0.937,-3.09,0.042,-3.17,0.1523,-1.882,0.5244,-0.6455,0.2379,-1.436,0.04355,-3.135
chief_complaint_smoke,1,1226,3,3,0,2.938,1.596,-0.779,-2.975,0.0503,-2.99,0.11865,-2.13,0.5166,-0.6606,0.2659,-1.325,0.04858,-3.025
chief_complaint_smoke,1,1227,4,3,1,3.26,1.589,-0.918,-3.17,0.03662,-3.307,0.1328,-2.02,0.545,-0.607,0.2451,-1.406,0.0403,-3.21
chief_complaint_smoke,1,1228,4,3,1,3.459,1.73,-0.4973,-3.223,0.03027,-3.498,0.1206,-2.115,0.471,-0.753,0.3398,-1.079,0.03833,-3.262
chief_complaint_smoke,1,1230,2,3,1,2.938,1.596,-0.779,-2.975,0.0503,-2.99,0.11865,-2.13,0.5166,-0.6606,0.2659,-1.325,0.04858,-3.025
chief_complaint_smoke,1,1231,4,3,1,3.018,1.581,-0.951,-2.818,0.0464,-3.07,0.1245,-2.084,0.5503,-0.597,0.2224,-1.503,0.05634,-2.877
chief_complaint_smoke,1,1235,3,3,0,3.367,1.769,-0.731,-3.062,0.0332,-3.404,0.1128,-2.182,0.529,-0.637,0.2805,-1.271,0.04468,-3.107
chief_complaint_smoke,1,1236,3,3,0,2.691,1.682,-0.611,-2.613,0.063,-2.766,0.09375,-2.367,0.4915,-0.7104,0.2834,-1.261,0.0683,-2.684
chief_complaint_smoke,1,1245,3,3,0,2.143,1.274,-0.4453,-2.32,0.105,-2.254,0.1133,-2.178,0.391,-0.939,0.3013,-1.2,0.0895,-2.414
chief_complaint_smoke,1,1247,3,3,0,3.393,1.774,-0.78,-3.197,0.03223,-3.436,0.1128,-2.182,0.541,-0.6143,0.275,-1.291,0.03928,-3.236
chief_complaint_smoke,1,1253,4,3,1,3.396,1.823,-0.611,-3.193,0.03223,-3.436,0.10645,-2.24,0.51,-0.674,0.3125,-1.163,0.0394,-3.234
chief_complaint_smoke,1,1255,3,3,0,2.686,1.452,-0.915,-2.719,0.06396,-2.75,0.126,-2.072,0.524,-0.6465,0.2242,-1.495,0.0619,-2.783
chief_complaint_smoke,1,1259,4,3,1,3.203,1.57,-0.92,-3.172,0.03955,-3.23,0.1328,-2.02,0.543,-0.611,0.2446,-1.408,0.04022,-3.213
chief_complaint_smoke,1,1260,3,3,0,2.947,1.564,-0.8013,-2.873,0.0503,-2.99,0.12256,-2.1,0.5176,-0.6587,0.2563,-1.361,0.0535,-2.928
chief_complaint_smoke,1,1262,4,3,1,3.32,1.541,-0.4695,-2.932,0.03467,-3.361,0.1416,-1.955,0.439,-0.823,0.3342,-1.096,0.0506,-2.984
chief_complaint_smoke,1,1263,3,3,0,3.355,1.792,-0.9688,-2.967,0.03418,-3.377,0.1089,-2.217,0.582,-0.541,0.2262,-1.486,0.04898,-3.016
chief_complaint_smoke,1,1264,3,3,0,3.287,1.564,-1.104,-3.117,0.03564,-3.334,0.1372,-1.986,0.578,-0.548,0.2065,-1.577,0.04242,-3.16
chief_complaint_smoke,1,1267,4,3,1,3.09,1.835,-0.5464,-2.777,0.04395,-3.125,0.09424,-2.361,0.495,-0.703,0.308,-1.178,0.05856,-2.838
chief_complaint_smoke,1,1269,3,3,0,3.098,1.6455,-0.8286,-3.139,0.04297,-3.146,0.11914,-2.127,0.534,-0.627,0.2625,-1.338,0.04153,-3.182
chief_complaint_smoke,1,1270,3,3,0,3.277,1.532,-0.905,-3.18,0.03662,-3.307,0.1411,-1.958,0.534,-0.627,0.2482,-1.394,0.03992,-3.22
chief_complaint_smoke,1,1271,2,3,1,3.111,1.718,-0.7715,-3.006,0.04297,-3.146,0.1094,-2.213,0.5312,-0.6323,0.269,-1.3125,0.04715,-3.055
chief_complaint_smoke,1,1273,4,3,1,3.252,1.647,-0.8403,-2.998,0.03763,-3.28,0.1236,-2.09,0.5376,-0.6206,0.2542,-1.37,0.04755,-3.047
chief_complaint_smoke,1,1274,2,3,1,2.812,1.66,-1.001,-2.645,0.05713,-2.863,0.103,-2.273,0.5713,-0.56,0.2024,-1.598,0.06635,-2.713
chief_complaint_smoke,1,1276,3,3,0,3.135,1.498,-0.9756,-3.006,0.042,-3.17,0.1406,-1.962,0.544,-0.609,0.2266,-1.484,0.04715,-3.055
chief_complaint_smoke,1,1277,4,3,1,1.889,1.121,-0.6924,-2.209,0.1313,-2.03,0.11475,-2.164,0.4204,-0.8667,0.2346,-1.45,0.09894,-2.312
chief_complaint_smoke,1,1280,3,3,0,3.193,1.654,-0.879,-3.277,0.03955,-3.23,0.1211,-2.111,0.546,-0.6055,0.257,-1.358,0.03638,-3.314
chief_complaint_smoke,1,1281,3,3,0,3.271,1.599,-0.889,-3.045,0.03662,-3.307,0.1313,-2.03,0.541,-0.6143,0.2458,-1.403,0.0454,-3.092
chief_complaint_smoke,1,1287,3,3,0,3.232,1.657,-0.826,-2.771,0.0376,-3.281,0.12256,-2.1,0.535,-0.625,0.2456,-1.404,0.05887,-2.832
chief_complaint_smoke,1,1292,3,3,0,1.877,1.212,-0.677,-2.729,0.1328,-2.02,0.0967,-2.336,0.4336,-0.8354,0.2756,-1.289,0.0613,-2.791
chief_complaint_smoke,1,1293,3,3,0,3.385,1.665,-0.6494,-3.27,0.0332,-3.404,0.126,-2.072,0.4976,-0.698,0.3066,-1.182,0.03662,-3.307
chief_complaint_smoke,1,1296,2,3,1,3.469,1.786,-0.637,-3.268,0.03027,-3.498,0.1138,-2.174,0.51,-0.674,0.3093,-1.174,0.03668,-3.305
chief_complaint_smoke,1,1298,4,3,1,3.402,1.586,-0.7637,-3.117,0.03223,-3.436,0.1382,-1.9795,0.5117,-0.67,0.2754,-1.29,0.04242,-3.16
chief_complaint_smoke,1,1301,4,3,1,3.322,1.75,-0.501,-3.162,0.03467,-3.361,0.1133,-2.178,0.4749,-0.7446,0.3367,-1.089,0.04062,-3.203
chief_complaint_smoke,1,1304,4,3,1,3.39,1.681,-0.611,-3.2,0.03223,-3.436,0.125,-2.08,0.491,-0.7114,0.3125,-1.163,0.03918,-3.24
chief_complaint_smoke,1,1305,3,3,0,3.168,1.655,-0.813,-2.715,0.04053,-3.205,0.1201,-2.12,0.532,-0.631,0.2452,-1.405,0.06213,-2.78
chief_complaint_smoke,1,1309,2,3,1,3.133,1.581,-0.927,-2.934,0.042,-3.17,0.1289,-2.049,0.5454,-0.6064,0.2332,-1.456,0.0505,-2.986
chief_complaint_smoke,1,1311,4,3,1,3.355,1.859,-0.4863,-3.146,0.03418,-3.377,0.1011,-2.291,0.484,-0.726,0.3396,-1.08,0.04123,-3.19
chief_complaint_smoke,1,1315,3,3,0,2.926,1.494,-0.81,-2.805,0.05078,-2.98,0.1328,-2.02,0.509,-0.676,0.2507,-1.384,0.0571,-2.863
chief_complaint_smoke,1,1316,4,3,1,3.262,1.674,-0.807,-3.215,0.03662,-3.307,0.1211,-2.111,0.534,-0.627,0.2698,-1.311,0.0386,-3.254
chief_complaint_smoke,1,1317,3,3,0,3.346,1.752,-0.943,-3.158,0.03418,-3.377,0.1138,-2.174,0.572,-0.559,0.2395,-1.429,0.04077,-3.2
chief_complaint_smoke,1,1318,3,3,0,3.314,1.542,-1.01,-3.12,0.03467,-3.361,0.1416,-1.955,0.5566,-0.586,0.2247,-1.493,0.04233,-3.162
chief_complaint_smoke,1,1319,3,3,0,3.273,1.747,-0.632,-2.85,0.03662,-3.307,0.1113,-2.195,0.505,-0.6836,0.2925,-1.2295,0.0547,-2.906
chief_complaint_smoke,1,1321,3,3,0,3.434,1.783,-0.5903,-3.17,0.03125,-3.465,0.1128,-2.182,0.4995,-0.6943,0.3162,-1.151,0.0403,-3.21
chief_complaint_smoke,1,1322,3,3,0,3.414,1.818,-0.5874,-3.2,0.03226,-3.434,0.1075,-2.23,0.5034,-0.6865,0.318,-1.1455,0.0392,-3.238
chief_complaint_smoke,1,1323,3,3,0,2.92,1.468,-0.8657,-2.727,0.05078,-2.98,0.1367,-1.99,0.5166,-0.6606,0.2347,-1.449,0.06143,-2.79
chief_complaint_smoke,1,1325,3,3,0,3.186,1.522,-0.8857,-3.09,0.03955,-3.23,0.1392,-1.972,0.5293,-0.636,0.2484,-1.393,0.04355,-3.135
chief_complaint_smoke,1,1326,3,3,0,3.32,1.649,-0.9404,-3.137,0.03467,-3.361,0.1265,-2.068,0.558,-0.583,0.2391,-1.431,0.04163,-3.18
chief_complaint_smoke,1,1327,2,3,1,3.305,1.493,-0.9814,-3.06,0.03564,-3.334,0.148,-1.911,0.544,-0.609,0.2279,-1.479,0.04477,-3.105
chief_complaint_smoke,1,1328,3,3,0,3.46,1.719,-0.6714,-3.268,0.03027,-3.498,0.1221,-2.104,0.51,-0.674,0.3015,-1.199,0.03668,-3.305
chief_complaint_smoke,1,1331,2,3,1,3.209,1.548,-1.021,-3.168,0.03857,-3.256,0.1367,-1.99,0.56,-0.5796,0.2242,-1.495,0.04037,-3.209
chief_complaint_smoke,1,1332,2,3,1,3.414,1.722,-0.7725,-3.21,0.03223,-3.436,0.1196,-2.123,0.532,-0.631,0.277,-1.283,0.03876,-3.25
chief_complaint_smoke,1,1334,4,3,1,3.094,1.651,-0.8,-2.748,0.04297,-3.146,0.1177,-2.14,0.5293,-0.636,0.2499,-1.387,0.0602,-2.81
chief_complaint_smoke,1,1336,3,3,0,3.412,1.79,-0.631,-3.256,0.03223,-3.436,0.11084,-2.2,0.51,-0.674,0.3103,-1.17,0.0371,-3.293
chief_complaint_smoke,1,1337,4,3,1,3.236,1.673,-0.9697,-3.018,0.0376,-3.281,0.1201,-2.12,0.5674,-0.567,0.2283,-1.478,0.04666,-3.064
chief_complaint_smoke,1,1342,3,3,0,3.217,1.582,-1.031,-3.11,0.03857,-3.256,0.1318,-2.025,0.5664,-0.5684,0.2202,-1.513,0.04272,-3.152
chief_complaint_smoke,1,1343,3,3,0,2.686,1.452,-0.915,-2.719,0.06396,-2.75,0.126,-2.072,0.524,-0.6465,0.2242,-1.495,0.0619,-2.783
chief_complaint_smoke,1,1344,2,3,1,2.896,1.713,-0.7437,-2.76,0.05273,-2.943,0.1001,-2.3,0.525,-0.6445,0.2627,-1.337,0.05954,-2.82
chief_complaint_smoke,1,1346,3,3,0,3.348,1.73,-0.863,-3.129,0.03418,-3.377,0.1167,-2.148,0.5522,-0.5938,0.255,-1.367,0.04193,-3.172
chief_complaint_smoke,1,1347,4,3,1,3.348,1.772,-0.6,-3.16,0.03418,-3.377,0.11084,-2.2,0.501,-0.6914,0.3135,-1.16,0.04068,-3.201
chief_complaint_smoke,1,1353,3,3,0,2.938,1.596,-0.779,-2.975,0.0503,-2.99,0.11865,-2.13,0.5166,-0.6606,0.2659,-1.325,0.04858,-3.025
chief_complaint_smoke,1,1357,4,3,1,2.691,1.682,-0.611,-2.613,0.063,-2.766,0.09375,-2.367,0.4915,-0.7104,0.2834,-1.261,0.0683,-2.684
chief_complaint_smoke,1,1358,2,3,1,3.416,1.796,-0.5693,-3.26,0.03223,-3.436,0.11035,-2.203,0.496,-0.701,0.3242,-1.126,0.037,-3.297
chief_complaint_smoke,1,1359,3,3,0,3.418,1.779,-0.585,-3.254,0.03223,-3.436,0.1123,-2.188,0.4976,-0.698,0.3208,-1.137,0.0372,-3.291
chief_complaint_smoke,1,1360,3,3,0,3.336,1.761,-0.4639,-3.158,0.03418,-3.377,0.1123,-2.188,0.4673,-0.7607,0.3455,-1.0625,0.04077,-3.2
chief_complaint_smoke,1,1361,4,3,1,3.139,1.676,-0.852,-3.006,0.04102,-3.193,0.1167,-2.148,0.543,-0.611,0.252,-1.379,0.04715,-3.055
chief_complaint_smoke,1,1364,3,3,0,3.348,1.73,-0.863,-3.129,0.03418,-3.377,0.1167,-2.148,0.5522,-0.5938,0.255,-1.367,0.04193,-3.172
chief_complaint_smoke,1,1365,3,3,0,3.193,1.588,-0.87,-3.176,0.03955,-3.23,0.1299,-2.041,0.535,-0.625,0.2551,-1.366,0.04007,-3.217
chief_complaint_smoke,1,1366,3,3,0,3.102,1.566,-0.923,-3.088,0.04297,-3.146,0.1299,-2.041,0.543,-0.611,0.2408,-1.424,0.0436,-3.133
chief_complaint_smoke,1,1370,2,3,1,2.947,1.564,-0.8013,-2.873,0.0503,-2.99,0.12256,-2.1,0.5176,-0.6587,0.2563,-1.361,0.0535,-2.928
chief_complaint_smoke,1,1372,4,3,1,3.332,1.681,-0.7925,-3.15,0.03467,-3.361,0.12256,-2.1,0.5312,-0.6323,0.2705,-1.308,0.04108,-3.191
chief_complaint_smoke,1,1377,3,3,0,3.29,1.529,-1.011,-3.05,0.03564,-3.334,0.1426,-1.948,0.5547,-0.5894,0.2217,-1.507,0.0452,-3.098
chief_complaint_smoke,1,1378,3,3,0,3.31,1.762,-0.891,-3.057,0.03467,-3.361,0.1118,-2.191,0.5625,-0.575,0.2461,-1.402,0.04495,-3.102
chief_complaint_smoke,1,1380,4,3,1,3.22,1.659,-0.9463,-3.174,0.03857,-3.256,0.1216,-2.107,0.5605,-0.5786,0.2394,-1.43,0.04016,-3.215
chief_complaint_smoke,1,1381,3,3,0,3.334,1.704,-0.4739,-3.164,0.03418,-3.377,0.1196,-2.123,0.4624,-0.7715,0.3433,-1.069,0.04053,-3.205
chief_complaint_smoke,1,1383,3,3,0,3.275,1.545,-0.9536,-2.998,0.03662,-3.307,0.1387,-1.976,0.547,-0.6035,0.2306,-1.467,0.04752,-3.047
chief_complaint_smoke,1,1385,3,3,0,3.195,1.78,-0.799,-2.875,0.03958,-3.229,0.10504,-2.254,0.5454,-0.6064,0.257,-1.358,0.05347,-2.928
chief_complaint_smoke,1,1386,4,3,1,3.318,1.873,-0.8105,-3.043,0.03467,-3.361,0.09814,-2.322,0.5596,-0.5806,0.2622,-1.339,0.04553,-3.09
chief_complaint_smoke,1,1387,3,3,0,3.303,1.679,-0.837,-3.143,0.03564,-3.334,0.1216,-2.107,0.5405,-0.615,0.2607,-1.344,0.0414,-3.184
chief_complaint_smoke,1,1388,3,3,0,3.4,1.72,-0.7993,-3.223,0.03223,-3.436,0.1196,-2.123,0.538,-0.6196,0.2717,-1.303,0.03833,-3.262
chief_complaint_smoke,1,1390,2,3,1,3.232,1.621,-0.9478,-3.082,0.0376,-3.281,0.127,-2.064,0.556,-0.587,0.2355,-1.446,0.04385,-3.127
chief_complaint_smoke,1,1392,4,3,1,3.102,1.917,-0.4524,-2.773,0.04297,-3.146,0.08545,-2.459,0.483,-0.728,0.3298,-1.109,0.05878,-2.834
chief_complaint_smoke,1,1394,3,3,0,3.207,1.449,-0.9976,-3.166,0.03857,-3.256,0.1514,-1.888,0.5405,-0.615,0.229,-1.474,0.04047,-3.207
chief_complaint_smoke,1,1395,4,3,1,3.34,1.737,-0.59,-3.219,0.03418,-3.377,0.11523,-2.16,0.4941,-0.705,0.3179,-1.146,0.03845,-3.258
chief_complaint_smoke,1,1396,3,3,0,3.12,1.596,-0.881,-3.002,0.042,-3.17,0.127,-2.064,0.538,-0.6196,0.2456,-1.404,0.04733,-3.05
chief_complaint_smoke,1,1397,3,3,0,3.15,1.555,-0.924,-3.092,0.04102,-3.193,0.1333,-2.016,0.5415,-0.6133,0.2407,-1.424,0.04346,-3.137
chief_complaint_smoke,1,1399,2,3,1,3.408,1.641,-0.8184,-3.186,0.03223,-3.436,0.1299,-2.041,0.5317,-0.632,0.2664,-1.323,0.0397,-3.227
chief_complaint_smoke,1,1403,2,3,1,3.342,1.642,-1.001,-3.08,0.03418,-3.377,0.1279,-2.057,0.5693,-0.5635,0.2249,-1.492,0.0439,-3.125
chief_complaint_smoke,1,1405,4,3,1,3.336,1.761,-0.4639,-3.158,0.03418,-3.377,0.1123,-2.188,0.4673,-0.7607,0.3455,-1.0625,0.04077,-3.2
chief_complaint_smoke,1,1410,3,3,0,3.084,1.681,-0.891,-2.84,0.04395,-3.125,0.1133,-2.178,0.552,-0.5947,0.2358,-1.444,0.0552,-2.896
chief_complaint_smoke,1,1412,4,3,1,2.988,1.58,-0.976,-2.893,0.04834,-3.03,0.12256,-2.1,0.5557,-0.5874,0.2212,-1.509,0.0525,-2.947
chief_complaint_smoke,1,1414,2,3,1,2.764,1.337,-1.003,-2.805,0.0596,-2.82,0.1486,-1.907,0.524,-0.6465,0.2113,-1.555,0.05713,-2.863
chief_complaint_smoke,1,1415,2,3,1,2.572,1.726,-0.5376,-2.266,0.0708,-2.648,0.0801,-2.525,0.4802,-0.7334,0.275,-1.291,0.094,-2.365
chief_complaint_smoke,1,1417,3,3,0,3.316,1.627,-0.917,-3.201,0.03467,-3.361,0.1294,-2.045,0.5503,-0.597,0.2466,-1.4,0.03912,-3.24
chief_complaint_smoke,1,1420,2,3,1,3.287,1.639,-0.893,-3.102,0.03564,-3.334,0.127,-2.064,0.547,-0.6035,0.2476,-1.396,0.04303,-3.146
chief_complaint_smoke,1,1423,4,3,1,3.512,1.79,-0.5933,-3.215,0.0293,-3.531,0.1138,-2.174,0.501,-0.6914,0.3174,-1.147,0.0386,-3.254
chief_complaint_smoke,1,1425,2,3,1,3.41,1.882,-0.4678,-3.223,0.03223,-3.436,0.1001,-2.3,0.4827,-0.7285,0.3467,-1.06,0.03833,-3.262
chief_complaint_smoke,1,1426,4,3,1,3.322,1.75,-0.501,-3.162,0.03467,-3.361,0.1133,-2.178,0.4749,-0.7446,0.3367,-1.089,0.04062,-3.203
chief_complaint_smoke,1,1427,4,3,1,3.39,1.759,-0.714,-3.111,0.03226,-3.434,0.1143,-2.168,0.525,-0.6445,0.2864,-1.25,0.04266,-3.154
chief_complaint_smoke,1,1429,4,3,1,3.3,1.7,-0.9937,-3.135,0.03568,-3.334,0.1187,-2.13,0.5757,-0.5522,0.2286,-1.476,0.04172,-3.178
chief_complaint_smoke,1,1432,3,3,0,3.334,1.704,-0.4739,-3.164,0.03418,-3.377,0.1196,-2.123,0.4624,-0.7715,0.3433,-1.069,0.04053,-3.205
chief_complaint_smoke,1,1433,4,3,1,3.09,1.835,-0.5464,-2.777,0.04395,-3.125,0.09424,-2.361,0.495,-0.703,0.308,-1.178,0.05856,-2.838
chief_complaint_smoke,1,1434,4,3,1,3.334,1.704,-0.4739,-3.164,0.03418,-3.377,0.1196,-2.123,0.4624,-0.7715,0.3433,-1.069,0.04053,-3.205
chief_complaint_smoke,1,1435,4,3,1,3.209,1.685,-0.9316,-3.06,0.0386,-3.254,0.1182,-2.135,0.561,-0.578,0.2378,-1.437,0.0448,-3.105
chief_complaint_smoke,1,1436,4,3,1,3.29,1.6875,-0.515,-3.053,0.03564,-3.334,0.1201,-2.12,0.4702,-0.7544,0.3289,-1.112,0.0451,-3.1
chief_complaint_smoke,1,1440,4,3,1,2.637,1.589,-0.603,-2.6,0.0664,-2.713,0.103,-2.273,0.477,-0.74,0.2844,-1.257,0.06915,-2.672
chief_complaint_smoke,1,1441,4,3,1,3.098,1.606,-0.824,-3.021,0.04297,-3.146,0.124,-2.088,0.5283,-0.638,0.2585,-1.353,0.04648,-3.068
chief_complaint_smoke,1,1445,4,3,1,3.281,1.777,-0.7666,-3.041,0.03568,-3.334,0.10895,-2.217,0.5386,-0.6187,0.2717,-1.303,0.04565,-3.086
chief_complaint_smoke,1,1446,5,3,2,3.145,1.643,-0.727,-3.168,0.04102,-3.193,0.1211,-2.111,0.5117,-0.67,0.2856,-1.253,0.04037,-3.209
chief_complaint_smoke,1,1447,3,3,0,3.326,1.741,-0.867,-3.13,0.03467,-3.361,0.11475,-2.164,0.5547,-0.5894,0.254,-1.371,0.04187,-3.174
chief_complaint_smoke,1,1448,3,3,0,3.367,1.695,-0.9453,-3.197,0.0332,-3.404,0.1221,-2.104,0.565,-0.571,0.2405,-1.425,0.03928,-3.236
chief_complaint_smoke,1,1450,3,3,0,3.248,1.709,-0.964,-3.047,0.0376,-3.281,0.11523,-2.16,0.5713,-0.56,0.2307,-1.467,0.04535,-3.094
chief_complaint_smoke,1,1451,4,3,1,2.898,1.716,-0.8447,-2.715,0.05176,-2.96,0.1006,-2.297,0.547,-0.6035,0.2384,-1.434,0.06213,-2.78
chief_complaint_smoke,1,1454,3,3,0,3.291,1.535,-1.012,-3.152,0.03564,-3.334,0.1421,-1.951,0.5557,-0.5874,0.2256,-1.489,0.041,-3.195
chief_complaint_smoke,1,1457,3,3,0,3.281,1.777,-0.7666,-3.041,0.03568,-3.334,0.10895,-2.217,0.5386,-0.6187,0.2717,-1.303,0.04565,-3.086
chief_complaint_smoke,1,1458,3,3,0,3.314,1.631,-0.9585,-3.105,0.03467,-3.361,0.1289,-2.049,0.5596,-0.5806,0.2341,-1.452,0.0429,-3.148
chief_complaint_smoke,1,1459,3,3,0,3.309,1.54,-0.997,-3.168,0.03467,-3.361,0.1421,-1.951,0.5537,-0.5913,0.2291,-1.474,0.04037,-3.209
chief_complaint_smoke,1,1460,2,3,1,3.242,1.6455,-0.942,-3.084,0.0376,-3.281,0.1245,-2.084,0.5576,-0.584,0.2368,-1.44,0.04376,-3.129
chief_complaint_smoke,1,1461,4,3,1,3.377,1.767,-0.4573,-3.174,0.0332,-3.404,0.1128,-2.182,0.4663,-0.7627,0.3477,-1.057,0.04016,-3.215
chief_complaint_smoke,1,1466,3,3,0,3.23,1.624,-0.8696,-3.186,0.03763,-3.28,0.1271,-2.062,0.5405,-0.615,0.2556,-1.364,0.03973,-3.225
chief_complaint_smoke,1,1467,3,3,0,3.318,1.755,-0.7925,-3.107,0.03467,-3.361,0.1128,-2.182,0.541,-0.6143,0.2688,-1.313,0.04282,-3.15
chief_complaint_smoke,1,1469,2,3,1,3.285,1.651,-0.957,-3.072,0.03564,-3.334,0.125,-2.08,0.5615,-0.577,0.2334,-1.455,0.04425,-3.117
chief_complaint_smoke,1,1470,4,3,1,3.016,1.461,-0.887,-2.473,0.04642,-3.07,0.1422,-1.95,0.52,-0.654,0.214,-1.542,0.0779,-2.553
chief_complaint_smoke,1,1471,3,3,0,3.377,1.651,-0.7456,-3.295,0.0332,-3.404,0.1274,-2.06,0.5176,-0.6587,0.2861,-1.251,0.03577,-3.33
chief_complaint_smoke,1,1473,3,3,0,3.19,1.537,-1.065,-3.129,0.03955,-3.23,0.1372,-1.986,0.567,-0.5674,0.2144,-1.54,0.04193,-3.172
chief_complaint_smoke,1,1474,3,3,0,3.336,1.762,-0.5366,-3.137,0.03418,-3.377,0.1123,-2.188,0.4846,-0.7246,0.3271,-1.117,0.04163,-3.18
chief_complaint_smoke,1,1475,3,3,0,3.27,1.657,-0.8765,-3.156,0.03662,-3.307,0.12354,-2.092,0.546,-0.6055,0.2532,-1.374,0.04083,-3.2
chief_complaint_smoke,1,1477,4,3,1,3.348,1.639,-0.9395,-3.182,0.03418,-3.377,0.1284,-2.053,0.5566,-0.586,0.2412,-1.422,0.03986,-3.223
chief_complaint_smoke,1,1478,4,3,1,2.572,1.726,-0.5376,-2.266,0.0708,-2.648,0.0801,-2.525,0.4802,-0.7334,0.275,-1.291,0.094,-2.365
chief_complaint_smoke,1,1480,3,3,0,3.16,1.669,-0.722,-2.943,0.04053,-3.205,0.11816,-2.135,0.5146,-0.664,0.2769,-1.284,0.05005,-2.994
chief_complaint_smoke,1,1481,3,3,0,3.377,1.772,-0.673,-3.191,0.0332,-3.404,0.1118,-2.191,0.5176,-0.6587,0.298,-1.21,0.0395,-3.232
chief_complaint_smoke,1,1484,2,3,1,3.043,1.67,-0.7866,-2.92,0.0459,-3.082,0.1128,-2.182,0.5283,-0.638,0.2617,-1.341,0.05115,-2.973
chief_complaint_smoke,1,1486,3,3,0,3.281,1.7295,-0.5884,-3.12,0.03564,-3.334,0.11523,-2.16,0.4922,-0.709,0.3147,-1.156,0.04233,-3.162
chief_complaint_smoke,1,1488,4,3,1,3.21,1.648,-0.9683,-3.123,0.03857,-3.256,0.12256,-2.1,0.5635,-0.5737,0.2332,-1.456,0.04218,-3.166
chief_complaint_smoke,1,1489,3,3,0,3.371,1.72,-0.8916,-3.176,0.0332,-3.404,0.11865,-2.13,0.5576,-0.584,0.2507,-1.384,0.04007,-3.217
chief_complaint_smoke,1,1491,3,3,0,3.395,1.68,-0.9263,-3.143,0.03223,-3.436,0.125,-2.08,0.559,-0.5815,0.2423,-1.418,0.0414,-3.184
chief_complaint_smoke,1,1492,3,3,0,3.07,1.659,-0.724,-2.646,0.04492,-3.104,0.11523,-2.16,0.5137,-0.666,0.2603,-1.346,0.0662,-2.715
chief_complaint_smoke,1,1493,3,3,0,3.281,1.777,-0.7666,-3.041,0.03568,-3.334,0.10895,-2.217,0.5386,-0.6187,0.2717,-1.303,0.04565,-3.086
chief_complaint_smoke,1,1497,4,3,1,3.428,1.812,-0.568,-3.135,0.03125,-3.465,0.1089,-2.217,0.4983,-0.697,0.3198,-1.14,0.0417,-3.178
chief_complaint_smoke,1,1498,3,3,0,3.154,1.675,-0.7563,-3.104,0.04102,-3.193,0.1167,-2.148,0.523,-0.6484,0.2764,-1.286,0.04294,-3.148
